/*
MySQL Backup
Database: shopping
Backup Time: 2024-04-10 21:58:54
*/

SET FOREIGN_KEY_CHECKS=0;
DROP TABLE IF EXISTS `shopping`.`banners`;
DROP TABLE IF EXISTS `shopping`.`carts`;
DROP TABLE IF EXISTS `shopping`.`categorys`;
DROP TABLE IF EXISTS `shopping`.`discounts`;
DROP TABLE IF EXISTS `shopping`.`primarycategorys`;
DROP TABLE IF EXISTS `shopping`.`primarycontainscats`;
DROP TABLE IF EXISTS `shopping`.`products`;
DROP TABLE IF EXISTS `shopping`.`searchsuggestions`;
DROP TABLE IF EXISTS `shopping`.`storenothavecats`;
DROP TABLE IF EXISTS `shopping`.`stores`;
DROP TABLE IF EXISTS `shopping`.`useraddresses`;
DROP TABLE IF EXISTS `shopping`.`users`;
DROP TABLE IF EXISTS `shopping`.`whatsnews`;
CREATE TABLE `banners` (
  `store_id` int NOT NULL,
  `banner_id` int NOT NULL,
  `imgUrl` varchar(255) CHARACTER SET utf8mb4 COLLATE utf8mb4_0900_ai_ci NOT NULL,
  PRIMARY KEY (`store_id`,`banner_id`),
  CONSTRAINT `banners_fkey` FOREIGN KEY (`store_id`) REFERENCES `stores` (`store_id`) ON DELETE CASCADE ON UPDATE CASCADE
) ENGINE=InnoDB DEFAULT CHARSET=utf8mb4 COLLATE=utf8mb4_0900_ai_ci;
CREATE TABLE `carts` (
  `uid` int NOT NULL,
  `store_id` int NOT NULL,
  `cat_id` int NOT NULL,
  `product_id` int NOT NULL,
  `count` int NOT NULL,
  `ordered` tinyint(1) NOT NULL DEFAULT '0',
  PRIMARY KEY (`uid`,`store_id`,`cat_id`,`product_id`),
  KEY `cart_store_id` (`store_id`),
  KEY `cart_cat_id` (`cat_id`),
  KEY `cart_product_id` (`product_id`),
  CONSTRAINT `cart_cat_id` FOREIGN KEY (`cat_id`) REFERENCES `products` (`cat_id`) ON DELETE CASCADE ON UPDATE CASCADE,
  CONSTRAINT `cart_product_id` FOREIGN KEY (`product_id`) REFERENCES `products` (`product_id`) ON DELETE CASCADE ON UPDATE CASCADE,
  CONSTRAINT `cart_store_id` FOREIGN KEY (`store_id`) REFERENCES `products` (`store_id`) ON DELETE CASCADE ON UPDATE CASCADE,
  CONSTRAINT `cart_uid` FOREIGN KEY (`uid`) REFERENCES `users` (`uid`) ON DELETE CASCADE ON UPDATE CASCADE
) ENGINE=InnoDB DEFAULT CHARSET=utf8mb4 COLLATE=utf8mb4_0900_ai_ci;
CREATE TABLE `categorys` (
  `cat_id` int NOT NULL AUTO_INCREMENT,
  `name` varchar(50) NOT NULL,
  `imgUrl` varchar(255) CHARACTER SET utf8mb4 COLLATE utf8mb4_0900_ai_ci DEFAULT NULL,
  PRIMARY KEY (`cat_id`)
) ENGINE=InnoDB AUTO_INCREMENT=24 DEFAULT CHARSET=utf8mb4 COLLATE=utf8mb4_0900_ai_ci;
CREATE TABLE `discounts` (
  `store_id` int NOT NULL,
  `cat_id` int NOT NULL,
  `product_id` int NOT NULL,
  PRIMARY KEY (`store_id`,`cat_id`,`product_id`),
  KEY `discounts_cat_id` (`cat_id`),
  KEY `discounts_product_id` (`product_id`),
  CONSTRAINT `discounts_cat_id` FOREIGN KEY (`cat_id`) REFERENCES `products` (`cat_id`) ON DELETE CASCADE ON UPDATE CASCADE,
  CONSTRAINT `discounts_product_id` FOREIGN KEY (`product_id`) REFERENCES `products` (`product_id`) ON DELETE CASCADE ON UPDATE CASCADE,
  CONSTRAINT `discounts_store_id` FOREIGN KEY (`store_id`) REFERENCES `products` (`store_id`) ON DELETE CASCADE ON UPDATE CASCADE
) ENGINE=InnoDB DEFAULT CHARSET=utf8mb4 COLLATE=utf8mb4_0900_ai_ci;
CREATE TABLE `primarycategorys` (
  `primary_cat_id` int NOT NULL AUTO_INCREMENT,
  `name` varchar(50) NOT NULL,
  PRIMARY KEY (`primary_cat_id`)
) ENGINE=InnoDB AUTO_INCREMENT=4 DEFAULT CHARSET=utf8mb4 COLLATE=utf8mb4_0900_ai_ci;
CREATE TABLE `primarycontainscats` (
  `primary_cat_id` int NOT NULL,
  `cat_id` int NOT NULL,
  PRIMARY KEY (`primary_cat_id`,`cat_id`),
  KEY `contains_cat_id` (`cat_id`),
  CONSTRAINT `contains_cat_id` FOREIGN KEY (`cat_id`) REFERENCES `categorys` (`cat_id`) ON DELETE CASCADE ON UPDATE CASCADE,
  CONSTRAINT `contains_primary_cat_id` FOREIGN KEY (`primary_cat_id`) REFERENCES `primarycategorys` (`primary_cat_id`) ON DELETE CASCADE ON UPDATE CASCADE
) ENGINE=InnoDB DEFAULT CHARSET=utf8mb4 COLLATE=utf8mb4_0900_ai_ci;
CREATE TABLE `products` (
  `store_id` int NOT NULL,
  `cat_id` int NOT NULL,
  `product_id` int NOT NULL,
  `imgUrl` varchar(255) NOT NULL DEFAULT '',
  `title` varchar(255) CHARACTER SET utf8mb4 COLLATE utf8mb4_0900_ai_ci NOT NULL DEFAULT '',
  `subtitle` varchar(100) NOT NULL DEFAULT '',
  `price` decimal(10,2) NOT NULL DEFAULT '0.00',
  `sales` int NOT NULL DEFAULT '0',
  `origin` varchar(255) NOT NULL DEFAULT '',
  `spec` varchar(255) NOT NULL DEFAULT '',
  `detail` text CHARACTER SET utf8mb4 COLLATE utf8mb4_0900_ai_ci NOT NULL,
  PRIMARY KEY (`store_id`,`cat_id`,`product_id`),
  KEY `products_cat_id` (`cat_id`),
  KEY `store_id` (`store_id`),
  KEY `product_id` (`product_id`),
  CONSTRAINT `products_cat_id` FOREIGN KEY (`cat_id`) REFERENCES `categorys` (`cat_id`) ON DELETE CASCADE ON UPDATE CASCADE,
  CONSTRAINT `products_store_id` FOREIGN KEY (`store_id`) REFERENCES `stores` (`store_id`) ON DELETE CASCADE ON UPDATE CASCADE
) ENGINE=InnoDB DEFAULT CHARSET=utf8mb4 COLLATE=utf8mb4_0900_ai_ci;
CREATE TABLE `searchsuggestions` (
  `store_id` int NOT NULL,
  `suggestion_id` int NOT NULL,
  `keyword` varchar(50) NOT NULL,
  PRIMARY KEY (`store_id`,`suggestion_id`),
  CONSTRAINT `suggestion_store_id` FOREIGN KEY (`store_id`) REFERENCES `stores` (`store_id`) ON DELETE CASCADE ON UPDATE CASCADE
) ENGINE=InnoDB DEFAULT CHARSET=utf8mb4 COLLATE=utf8mb4_0900_ai_ci;
CREATE TABLE `storenothavecats` (
  `store_id` int NOT NULL,
  `cat_id` int NOT NULL,
  PRIMARY KEY (`store_id`,`cat_id`),
  KEY `nothavecats_cat_id` (`cat_id`),
  CONSTRAINT `nothavecats_cat_id` FOREIGN KEY (`cat_id`) REFERENCES `categorys` (`cat_id`) ON DELETE CASCADE ON UPDATE CASCADE,
  CONSTRAINT `nothavecats_store_id` FOREIGN KEY (`store_id`) REFERENCES `stores` (`store_id`) ON DELETE CASCADE ON UPDATE CASCADE
) ENGINE=InnoDB DEFAULT CHARSET=utf8mb4 COLLATE=utf8mb4_0900_ai_ci;
CREATE TABLE `stores` (
  `store_id` int NOT NULL AUTO_INCREMENT,
  `store_name` varchar(15) NOT NULL DEFAULT '',
  `contact_phone` varchar(12) NOT NULL,
  `address` varchar(100) NOT NULL DEFAULT '',
  `latitude` double NOT NULL,
  `longitude` double NOT NULL,
  PRIMARY KEY (`store_id`)
) ENGINE=InnoDB AUTO_INCREMENT=7 DEFAULT CHARSET=utf8mb4 COLLATE=utf8mb4_0900_ai_ci;
CREATE TABLE `useraddresses` (
  `uid` int NOT NULL,
  `address_id` varchar(255) NOT NULL,
  `contact_name` varchar(10) NOT NULL DEFAULT '',
  `contact_phone` varchar(12) NOT NULL DEFAULT '',
  `address` varchar(100) NOT NULL DEFAULT '',
  `is_default` tinyint(1) NOT NULL DEFAULT '0',
  PRIMARY KEY (`uid`,`address_id`),
  CONSTRAINT `address_uid` FOREIGN KEY (`uid`) REFERENCES `users` (`uid`) ON DELETE CASCADE ON UPDATE CASCADE
) ENGINE=InnoDB DEFAULT CHARSET=utf8mb4 COLLATE=utf8mb4_0900_ai_ci;
CREATE TABLE `users` (
  `uid` int NOT NULL AUTO_INCREMENT,
  `username` varchar(20) CHARACTER SET utf8mb4 COLLATE utf8mb4_0900_ai_ci NOT NULL DEFAULT '',
  `password` varchar(32) NOT NULL,
  `phone` varchar(12) CHARACTER SET utf8mb4 COLLATE utf8mb4_0900_ai_ci NOT NULL,
  PRIMARY KEY (`uid`)
) ENGINE=InnoDB AUTO_INCREMENT=10 DEFAULT CHARSET=utf8mb4 COLLATE=utf8mb4_0900_ai_ci;
CREATE TABLE `whatsnews` (
  `store_id` int NOT NULL,
  `cat_id` int NOT NULL,
  `product_id` int NOT NULL,
  PRIMARY KEY (`store_id`,`cat_id`,`product_id`),
  KEY `whatsnew_cat_id` (`cat_id`),
  KEY `whatsnew_product_id` (`product_id`),
  CONSTRAINT `whatsnew_cat_id` FOREIGN KEY (`cat_id`) REFERENCES `products` (`cat_id`) ON DELETE CASCADE ON UPDATE CASCADE,
  CONSTRAINT `whatsnew_product_id` FOREIGN KEY (`product_id`) REFERENCES `products` (`product_id`) ON DELETE CASCADE ON UPDATE CASCADE,
  CONSTRAINT `whatsnew_store_id` FOREIGN KEY (`store_id`) REFERENCES `products` (`store_id`) ON DELETE CASCADE ON UPDATE CASCADE
) ENGINE=InnoDB DEFAULT CHARSET=utf8mb4 COLLATE=utf8mb4_0900_ai_ci;
BEGIN;
LOCK TABLES `shopping`.`banners` WRITE;
DELETE FROM `shopping`.`banners`;
INSERT INTO `shopping`.`banners` (`store_id`,`banner_id`,`imgUrl`) VALUES (4, 1, 'https://shopping-project.s3.ca-central-1.amazonaws.com/images/slider1.jpg'),(4, 2, 'https://shopping-project.s3.ca-central-1.amazonaws.com/images/slider16.jpg'),(4, 3, 'https://shopping-project.s3.ca-central-1.amazonaws.com/images/slider14.jpg'),(5, 1, 'https://shopping-project.s3.ca-central-1.amazonaws.com/images/slider10.png'),(5, 2, 'https://shopping-project.s3.ca-central-1.amazonaws.com/images/slider18.jpg'),(5, 3, 'https://shopping-project.s3.ca-central-1.amazonaws.com/images/slider13.jpg'),(6, 1, 'https://shopping-project.s3.ca-central-1.amazonaws.com/images/slider12.jpg'),(6, 2, 'https://shopping-project.s3.ca-central-1.amazonaws.com/images/slider17.jpg'),(6, 3, 'https://shopping-project.s3.ca-central-1.amazonaws.com/images/slider15.jpg');
UNLOCK TABLES;
COMMIT;
BEGIN;
LOCK TABLES `shopping`.`carts` WRITE;
DELETE FROM `shopping`.`carts`;
INSERT INTO `shopping`.`carts` (`uid`,`store_id`,`cat_id`,`product_id`,`count`,`ordered`) VALUES (3, 4, 2, 1, 1, 1),(9, 6, 1, 133, 1, 1);
UNLOCK TABLES;
COMMIT;
BEGIN;
LOCK TABLES `shopping`.`categorys` WRITE;
DELETE FROM `shopping`.`categorys`;
INSERT INTO `shopping`.`categorys` (`cat_id`,`name`,`imgUrl`) VALUES (1, 'Vegetables', 'https://shopping-project.s3.ca-central-1.amazonaws.com/images/category-1.png'),(2, 'Meat', 'https://shopping-project.s3.ca-central-1.amazonaws.com/images/category-2.png'),(3, 'Fruits', 'https://shopping-project.s3.ca-central-1.amazonaws.com/images/category-3.png'),(4, 'Bakery', 'https://shopping-project.s3.ca-central-1.amazonaws.com/images/category-4.png'),(5, 'Dry goods', 'https://shopping-project.s3.ca-central-1.amazonaws.com/images/category-5.png'),(6, 'Sweets', 'https://shopping-project.s3.ca-central-1.amazonaws.com/images/category-6.png'),(7, 'Appliances', 'https://shopping-project.s3.ca-central-1.amazonaws.com/images/category-7.png'),(8, 'Cosmetics', 'https://shopping-project.s3.ca-central-1.amazonaws.com/images/category-8.png'),(9, 'Clothing', NULL),(10, 'Shoes', NULL),(11, 'Electronics', NULL),(12, 'Furniture', NULL),(13, 'Toys', NULL),(14, 'Baby', NULL),(15, 'Auto & Tires', NULL),(16, 'Pharmacy', NULL),(17, 'Nutrition', NULL),(18, 'Bath & Body', NULL),(19, 'Pets', NULL),(20, 'Garden', NULL),(21, 'Outdoors', NULL),(22, 'Office supplies', NULL),(23, 'Books', NULL);
UNLOCK TABLES;
COMMIT;
BEGIN;
LOCK TABLES `shopping`.`discounts` WRITE;
DELETE FROM `shopping`.`discounts`;
INSERT INTO `shopping`.`discounts` (`store_id`,`cat_id`,`product_id`) VALUES (4, 3, 10),(4, 5, 17),(4, 5, 18),(4, 5, 19),(4, 6, 20),(4, 6, 21),(6, 7, 150),(6, 7, 151),(6, 7, 152),(6, 7, 153),(5, 9, 104),(5, 9, 105),(5, 9, 106),(5, 9, 107),(6, 9, 161),(6, 9, 162),(5, 10, 110),(5, 10, 112);
UNLOCK TABLES;
COMMIT;
BEGIN;
LOCK TABLES `shopping`.`primarycategorys` WRITE;
DELETE FROM `shopping`.`primarycategorys`;
INSERT INTO `shopping`.`primarycategorys` (`primary_cat_id`,`name`) VALUES (1, 'Grocery'),(2, 'Household essentials'),(3, 'Health & Wellness');
UNLOCK TABLES;
COMMIT;
BEGIN;
LOCK TABLES `shopping`.`primarycontainscats` WRITE;
DELETE FROM `shopping`.`primarycontainscats`;
INSERT INTO `shopping`.`primarycontainscats` (`primary_cat_id`,`cat_id`) VALUES (1, 1),(1, 2),(1, 3),(2, 4),(2, 5),(2, 7),(3, 16),(3, 17);
UNLOCK TABLES;
COMMIT;
BEGIN;
LOCK TABLES `shopping`.`products` WRITE;
DELETE FROM `shopping`.`products`;
INSERT INTO `shopping`.`products` (`store_id`,`cat_id`,`product_id`,`imgUrl`,`title`,`subtitle`,`price`,`sales`,`origin`,`spec`,`detail`) VALUES (4, 1, 5, 'https://shopping-project.s3.ca-central-1.amazonaws.com/images/1.jpeg', 'Marketside Fresh Spinach, 10 oz Bag, Fresh', 'Fresh Spinach', 2.28, 200, 'Canada', '10 oz', 'Marketside Fresh Spinach has a smooth, tender texture and great wholesome taste that is loaded with nutrients. This spinach is packed fresh, washed and ready to eat for your convenience. Use it to create your very own personalized salad tossed with your favorite vegetables, protein, nuts and dressing. Use it as a topping on sandwiches and pizzas, or simply enjoy it as a healthy side. It offers nutritional benefits as it is a rich source of vitamins A, C and iron. Enjoy fresh from the farm taste with Marketside Fresh Spinach.'),(4, 1, 6, 'https://shopping-project.s3.ca-central-1.amazonaws.com/images/2.jpeg', 'Marketside Fresh Green Beans, 12 oz', 'Fresh Green Beans', 2.57, 300, 'Canada', '12 oz', 'Eating your greens is a pleasure with Marketside Green Beans. These fresh, crisp, juicy green beans are easy to cook to tender-yet-firm perfection, and are ready to be the star of a treasure trove of delicious, wholesome dishes. Opt for a classic presentation with bacon and garlic, season them with lemon and cracked black pepper, or toss them in a wok with a sweet and sour glaze. They\'re washed and ready to eat, so you can get cooking the minute inspiration hits. Veggies are never boring with Marketside Green Beans.Fresh ideas and quality ingredients, that\'s how Marketside brings the best foods to your table. We are committed to deliver freshness that you can taste and see. Marketside offers the best in fresh food, guaranteed by Walmart, working in partnership with farmers, bakers and chefs for the highest quality, authentic ingredients and favorite recipes.'),(4, 1, 7, 'https://shopping-project.s3.ca-central-1.amazonaws.com/images/3.jpeg', 'Great Value Frozen Broccoli Florets, 12 oz Steamable Bag', 'Great Value Frozen Broccoli Florets', 1.16, 280, 'Canada', '12 oz', 'Eating your veggies just got easier with our Great Value Frozen Broccoli Florets. Whether you want to make a classic cheddar broccoli soup, a simple week-night casserole, or your very own homemade recipe, our Great Value Broccoli Florets have you covered. With no added chemicals or sugars, Great Value Broccoli Florets are frozen to ensure long-lasting farm-fresh flavors that are perfect for delicious, easy, and quick dinner ideas. Ready in minutes, Great Value Broccoli Florets are a convenient addition to your dinner plans!'),(4, 1, 8, 'https://shopping-project.s3.ca-central-1.amazonaws.com/images/4.jpeg', 'Fresh Green Onions Bunch, Each', 'Fresh Produce', 0.98, 100, 'Canada', '', 'Add flavor to your next meal with Fresh Green Onions. For breakfast, you could dice them and add to an omelet loaded with cheese, ham, and mushrooms. Chop up the stalks into little rings and mix them into sour cream to create a delicious chip dip. You can also add them to a fresh garden salad or sprinkle them on top of your fish tacos. However you choose to use it, this fresh produce will add something delicious to any meal. Add color and flavor to any dish with these Fresh Green Onions.'),(4, 1, 9, 'https://shopping-project.s3.ca-central-1.amazonaws.com/images/5.jpeg', 'Fresh Baby-Cut Carrots, 2lb Bag', 'Fresh Produce', 2.68, 260, 'Canada', '2lb', 'Snack healthfully with Fresh Baby-Cut Carrots. When you work sunup to sundown like we do, it’s tough to find time for a snack. We cut these so you can perfectly enjoy a crunchy, delicious treat filled with vitamin A, wherever you go. These carrots are harvested at the peak of ripeness, then cleaned, bagged, and rushed to your store to provide you the optimum freshness and quality. Why you should eat more carrots: Carrots are one of nature\'s best sources of nutrients, rich in Vitamin A with antioxidant beta-carotene. Carrots provide dietary fiber and potassium. Health agencies recommend that you eat five or more servings of fruits and vegetables, which include carrots, every day for good health. Enjoy the delicious flavor and healthy crunch of Fresh Baby-Cut Carrots.'),(4, 2, 1, 'https://shopping-project.s3.ca-central-1.amazonaws.com/images/76.jpeg', 'Pork Center Cut Loin Chops Boneless Family Pack, 2.0 - 3.8 lb Tray', 'Fresh Pork', 13.47, 104, 'Canada', '2.0 - 3.8 lb', 'There\'s nothing like cooking from scratch, especially when you start with our Boneless Pork Center Cut Loin Chops Family Pack. Made with quality cuts of USDA inspected pork, our fresh pork chops are juicy, flavorful and perfect for all of your favorite spice rubs and marinades. Fresh and ready to cook, our pork is an excellent source of protein and is a delicious addition to any recipe. Simply prepare and serve with lemon and basil orzo pasta for a delicious weeknight dinner. Includes one Family Pack of Boneless Pork Center Cut Loin Chops.'),(4, 2, 2, 'https://shopping-project.s3.ca-central-1.amazonaws.com/images/75.jpeg', 'All Natural* 80% Lean/20% Fat Ground Beef Chuck, 2.25 lb Tray', 'Fresh Ground Beef', 11.84, 122, 'U.S.', '2.25 lb', 'There\'s nothing like cooking from scratch, especially when you start with All Natural* 80% Lean/20% Fat Ground Beef Chuck. Made with quality USDA inspected beef and no artificial ingredients, our all natural* ground beef is juicy, tender and wet aged for flavor. Our beef is an excellent source of protein, vitamin B6, vitamin B12, zinc, niacin, selenium and a good source of phosphorous, riboflavin and iron. All 9 essential nutrients are naturally found in beef and are a flavorful way to give your body nutrients to help power through the day. Great for sautéing or grilling, our ground beef is a delicious addition to your favorite recipes. Simply cook and serve with asparagus, bow tie pasta and pesto sauce for a hearty weeknight dinner. Includes one package of All Natural* 80% Lean/20% Fat Ground Beef Chuck. *Minimally processed, no artificial ingredients'),(4, 2, 3, 'https://shopping-project.s3.ca-central-1.amazonaws.com/images/74.jpeg', 'Fresh Shellfish Fresh North Atlantic Lobster Tails, 7oz', 'Fresh', 16.92, 261, 'North Atlantic', '7oz', 'Cook up a special dinner with some Fresh Wild Caught Cold Water Lobster Tails. These previously frozen lobster tails were sourced from the cold waters of the North Atlantic Ocean. Lobster tails are perfect for entertaining guests or any special occasion. Whether you bake, grill, or steam these lobster tails, preparation is a snap. Each serving contains only 60 calories and provides 15 grams of protein and is Tree-Nut Free. Whether you\'re whipping up a gooey batch of lobster mac and cheese, some savory, buttery lobster rolls, a comforting bowl of lobster bisque, or enjoying the tails as they are, enjoying your favorite seafood is easy with these Wild Caught Cold Water Lobster Tails.'),(4, 2, 4, 'https://shopping-project.s3.ca-central-1.amazonaws.com/images/73.jpeg', 'Iberia Marinara Style Octopus, 4 oz', 'Iberia', 10.00, 150, 'Canada', '4 oz', 'Incorporate delicious, authentic flavors into your favorite dishes with this Goya Jumbo Squid in Garlic Sauce. A product of Spain, it is made with high-quality ingredients. This Goya Sauce features a full-bodied spicy flavor.'),(4, 3, 10, 'https://shopping-project.s3.ca-central-1.amazonaws.com/images/6.jpeg', 'Fresh Green Seedless Grapes, Bag (2.25 lbs/bag est.)', 'Fresh Produce', 5.58, 400, 'U.S.', '2.25 lbs', 'Treat yourself to the delicious, juicy flavor of Fresh Green Seedless Grapes. These grapes are bursting with flavor and are completely seedless. Prized for their lush, juicy pulp, very sweet flavors, and highly aromatic skins that offer a pleasant chewiness, they are also perfect for creating stunning cheese boards and charcuterie plates by pairing them with fresh cheese, crackers, or delectable meats like prosciutto. If you want to be really creative, you can freeze them and use them and ice cubes that won\'t melt and release water into your favorite drinks. Treat yourself to the whole fresh taste of Fresh Green Seedless Grapes.'),(4, 3, 11, 'https://shopping-project.s3.ca-central-1.amazonaws.com/images/7.jpeg', 'Fresh Strawberries, 1 lb Container', 'Fresh Produce', 2.86, 230, 'U.S.', '1 lb', 'The sweet, juicy flavor of Fresh Strawberries make them a refreshing and delicious treat. Enjoy them for breakfast, lunch, dinner, or dessert. Use them as topping for pancakes, bake them in a mouthwatering bread, mix them with cucumbers for a light and flavorful salad, or puree them for strawberry shortcake. They contain essential vitamins and nutrients like, vitamin C, fiber, potassium, vitamin B and magnesium making them perfect for a healthy diet. Prior to serving simply gently wash them, remove the leafy caps, and enjoy the fresh taste. Refrigerate the berries in original Clam Shell to keep them fresh and ready for use. Pick up Fresh Strawberries today and savor the delectable flavor.'),(4, 3, 12, 'https://shopping-project.s3.ca-central-1.amazonaws.com/images/8.jpeg', 'Fresh Navel Orange, Each', 'Fresh Produce', 0.88, 480, 'U.S.', '', 'Enjoy the juicy goodness of Fresh Navel Oranges. A great source of vitamin C, these oranges can be a satisfying afternoon snack, or you can use them in a variety of recipes. For breakfast, use these navel oranges to make a rich and creamy smoothie or serve them alongside your pancakes, sausage, and eggs. Slice these oranges and use them to add flavor to a lunchtime salad or as a garnish for your favorite cocktail. Oranges are used in many tasty desserts like ambrosia, orange bars, and zesty orange pie. Get creative in the kitchen and make homemade orange marmalade or a refreshing orange sorbet. However you choose to use them, Fresh Navel Oranges add flavor to any meal or beverage.'),(4, 4, 13, 'https://shopping-project.s3.ca-central-1.amazonaws.com/images/9.jpeg', 'Freshness Guaranteed Chocolate Frosted Mini Donuts, Bakery Clamshell,14 oz', 'Freshness Guaranteed', 3.24, 210, 'Canada', '14 oz', 'Enjoy a sweet treat with Freshness Guaranteed Frosted Mini Donuts. These treats feature a moist, rich donut covered in a delicious chocolate frosting. These mini donuts are a great addition to any breakfast table and they\'re easy to grab on the go and enjoy with a fresh cup of coffee or a glass of cold milk. They are perfect for a tasty snack, to serve as you entertain guests, bring to a friend\'s house, share with coworkers or for a delicious treat to indulge in on any given day. They are shelf stable and come in an easy open/close container to help maintain freshness for continued enjoyment. Satisfy your sweet tooth with Freshness Guaranteed Frosted Mini Donuts.'),(4, 4, 14, 'https://shopping-project.s3.ca-central-1.amazonaws.com/images/10.jpeg', 'Marketside Chocolate Chip Regular Muffins, 14 oz, 4 Count', 'Marketside', 3.98, 400, 'Canada', '14 oz', 'Marketside Chocolate Chip Muffins are a great any-time sweet treat that quickly satisfies your sweet-tooth craving. These exquisite muffins are moist and soft and loaded with semisweet chocolate chips for a pop of decadent chocolate flavor in every bite. Try these Marketside Chocolate chip muffins for breakfast with a hot cup of coffee or tea, as a sweet snack with a tall, cold glass of milk, or as a scrumptious dessert after dinner. Conveniently packaged with four regular-sized muffins per pack in a resealable container, these muffins are perfect to share with friends and family or savor by yourself.'),(4, 4, 15, 'https://shopping-project.s3.ca-central-1.amazonaws.com/images/11.jpeg', 'Marketside Blueberry Regular Muffins, 14 oz, 4 Count', 'Marketside', 3.98, 350, 'Canada', '14 oz', 'Marketside Blueberry Muffins are a great any-time sweet treat that quickly satisfies your sweet-tooth craving. These exquisite muffins are moist, soft, and loaded with real blueberries for a pop of flavor in every bite. Try these Marketside Blueberry muffins for breakfast with a hot cup of coffee or tea, as a sweet snack with a tall, cold glass of milk, or as a scrumptious dessert after dinner. Conveniently packaged with four regular-sized muffins per pack in a resealable container that maintains freshness, these muffins are perfect to share with friends and family or save and savor by yourself. Bring home these Marketside Blueberry Muffins today.'),(4, 4, 16, 'https://shopping-project.s3.ca-central-1.amazonaws.com/images/12.jpeg', 'Marketside All Butter Mini Croissants, Tub, Shelf Stable, 10.9 oz, 11 Count', 'Marketside', 4.98, 240, 'Canada', '10.9 oz', 'Marketside All Butter Mini Croissants are a tasty addition to any meal. You get 11 small, flaky, buttery croissants that work well for breakfast, lunch, and dinner. Try these Marketside Mini Croissants instead of English muffins. The re-sealable package keeps them fresh.'),(4, 5, 17, 'https://shopping-project.s3.ca-central-1.amazonaws.com/images/13.jpeg', 'Brami Fusilli Italian Protein Pasta', 'BRAMI', 3.13, 500, 'Canada', '12oz', 'At Brami, we believe that good quality ingredients are the key to a healthy diet that doesn\'t sacrifice on taste. Our Italian pasta’s take the great tradition and simply add the power of the Lupini Super Bean which delivers a delicious, non-GMO pasta that has 70% more protein, 3x more fiber, and 25% fewer carbs vs. regular pasta!'),(4, 5, 18, 'https://shopping-project.s3.ca-central-1.amazonaws.com/images/14.jpeg', 'Dreamfields Penne Rigate Pasta, Vegan with 5g Fiber, 13.25 oz, (Shelf Stable)', 'Dreamfields', 2.38, 430, 'U.S.', '13oz', 'Eat healthy and still experience the joy of pasta with Dreamfields Penne Rigate 13.25 oz. Dreamfields pasta provides the delicious taste and texture of traditional pasta with the benefit of prebiotic fiber to help promote healthy digestion and overall gut health. Non-GMO, vegan, and kosher certified, Dreamfields pasta is a good source of fiber, with 5g per 2 oz. dry serving and can be a nutritious and delicious part of a healthy diet. Dreamfields Penne Rigate is a quill-shaped pasta with ridges that make this shape excellent for holding your favorite sauces. Prepare Dreamfields Penne Rigate with your choice of colorful fresh vegetables, lean meat or fish, and a savory sauce. Available in seven classic pasta shapes, Dreamfields is an easy substitute for traditional pasta in your favorite recipes. With Dreamfields, the dream is real. You can have your pasta and eat healthy too. Shelf Stable'),(4, 5, 19, 'https://shopping-project.s3.ca-central-1.amazonaws.com/images/15.png', 'Sfoglini Organic Durum Semolina Radiators Pasta, Shelf-Stable 16 oz Box', 'Sfoglini', 5.13, 330, 'U.S.', '16oz', 'Traditionally named radiatore, after old cast-iron steam radiators, Sfoglini Organic Durum Semolina radiators have nooks and ruffled edges that capture extra sauce to offer a superb bite every time. The design development for radiatore dates to between the two World Wars making it one of the newer shapes in the lineage of dried pasta. Great for chunky tomato sauces, add hunks of bacon and sage, or combine with arugula, tomato and onion.'),(4, 6, 20, 'https://shopping-project.s3.ca-central-1.amazonaws.com/images/16.jpeg', 'Little Debbie Cosmic Brownies, 13 oz', 'Little Debbie', 2.68, 240, 'U.S.', '13 oz', 'Perfectly portioned snack? Check. Fun to share? Check. Classic chocolate treat? Check! Covered in delicious fudge icing, chewy Little Debbie® Cosmic Brownies feature a sprinkling of rainbow-colored, candy-coated chocolate chips for a surprise crunch and an all-out chocolate experience you\'ll love. So unwrap a dessert that will never go out of style, and enjoy a special treat that’s out of this world!'),(4, 6, 21, 'https://shopping-project.s3.ca-central-1.amazonaws.com/images/17.jpeg', 'Great Value Creme Filled Swiss Rolls Snack Cakes, 13 oz, 6 Count', 'Great Value', 1.97, 300, 'Canada', '13 oz', 'Let a little sweetness into your life with Great Value Creme Filled Swiss Rolls Snack Cakes. These deliciously soft, spongy chocolate cake rolls are filled with a fluffy and delicate creme filling that will bring you joy in every bite. Each snack cake pack is individually wrapped so you can indulge your sweet tooth on the go. Toss one of these packs into a snack-filled gift box, add to your child\'s lunch bag, or store some in your office drawer for an afternoon pick-me-up. Great Value Creme Filled Swiss Rolls Snack Cakes are a classic treat that will put a smile on your face.'),(4, 7, 22, 'https://shopping-project.s3.ca-central-1.amazonaws.com/images/18.jpeg', 'Keenstone Toaster', 'Keenstone', 35.99, 500, 'U.S.', '', 'Six Setting Shade For your Toasting Choice:Red、Blue、Green、White、Black、Dark Blue、Beige、Yellow'),(4, 7, 23, 'https://shopping-project.s3.ca-central-1.amazonaws.com/images/19.jpeg', 'MyMini 2 Piece Urban Cook Set, Blue', 'MyMini', 15.98, 460, 'Canada', '', 'The MyMini Aqua Blue Urban 2-Piece Multi-use Cookware Set is an essential addition to your kitchen. With this new versatile set, you can prepare any meal with ease. The adjustable temperature control ensures that you can achieve perfect heat levels while cooking, giving you precise control over your culinary creations. The set includes a 5.5\" non-stick frying pan, which is not only functional but also features a cool-touch handle for added safety and convenience. Whether you\'re a seasoned chef or just starting out, the MyMini Aqua Urban Cookware Set is a must-have for any kitchen. NM2UBNCKWMAQ Model Number'),(4, 7, 24, 'https://shopping-project.s3.ca-central-1.amazonaws.com/images/20.jpeg', 'Galanz 1.7 Cu ft Single Door Mini Fridge GL17BK, Black, New', 'Galanz', 88.00, 200, 'U.S.', '', 'Keep your food and drinks chilled with the Galanz GL17BK 1.7 Cu Ft Single Door Mini Fridge. It stands less than 2\' tall, giving you access to a compact size cooler that\'s ideal for use in a dorm room, an office, a game room or a man cave. The black mini fridge features a half-width freezer compartment that is suitable for storing ice and frozen food. It also has a coated wire shelf that slides out for easy access to items stored in the back. It even features a lower storage area and the interior door has space for condiments and a 2-liter bottle. Additionally, the Galanz GL17BK 1.7 Cu Ft Single Door Mini Fridge includes two leveling front legs for improved stability and a reversible door that enables you to hang it opening from either the left or the right side. Condition: New; Stock Number: GL17BK'),(4, 7, 25, 'https://shopping-project.s3.ca-central-1.amazonaws.com/images/21.jpeg', 'Ionvac ZipVac, 3-in-1 Corded Upright/Handheld Floor and Carpet Vacuum Cleaner, New', 'IonVac', 24.17, 150, 'Canada', '', 'Vacuuming should never feel like a workout, and with ionvac’s new ZipVac 3-in-1 vacuum, it doesn’t have to! This super-lightweight, ultra-portable vacuum cleaner, weighing in at only 5lb, switches from a traditional vacuum to a handheld one in seconds, allowing for versatile vacuuming and hassle-free convenience. Use the vacuum upright or remove the extender handle and utilize the Swivel Head for stairs and other low-profile surfaces. You can also attach the Slim Nozzle to vacuum tight corners and hard-to-reach spaces. From tile and hardwood floors to carpet and upholstery, this versatile vacuum packs multi-surface cleaning power you can rely on. A simple, convenient solution to your basic vacuuming needs is right here with the ionvac ZipVac!'),(4, 8, 26, 'https://shopping-project.s3.ca-central-1.amazonaws.com/images/22.jpeg', 'e.l.f. Halo Glow Liquid Filter, 3 Light/Medium, 1.06 fl oz', 'e.l.f. Cosmetics', 14.74, 240, 'Canada', '1.06 fl oz', 'Achieve a gorgeous glow with e.l.f. Cosmetics Halo Glow Liquid Filter—the only filter you’ll ever need. This innovative complexion booster and makeup-skincare hybrid is infused with squalane and hyaluronic acid that work to enhance the overall look of skin while rendering a soft-focus, effortless radiance. Wear on its own, under, or over makeup, mix in with your favorite e.l.f. foundation for a fresh, dewy finish, or use as a highlighter to illuminate the high points of your face. Available in 12 flexible shades that work beautifully across all skin tones.'),(4, 8, 27, 'https://shopping-project.s3.ca-central-1.amazonaws.com/images/23.jpeg', 'Revlon Super Lustrous Pearl Lipstick, Creamy Formula, 205 Champagne On Ice, 0.15 oz', 'Revlon', 6.48, 300, 'U.S.', '0.15 oz', 'Power to the fearless. This lipstick is a cult classic for a reason. Formulated with 80% conditioning ingredients, it glides on smoothly and visibly minimizes lines while giving lips a soft, fuller appearance. Made with microfine pigments for lipstick shades that are rich with color, lightweight in feel, and truly addictive to wear. Express yourself with zero apology in all 72 iconic shades including 12 NEW shades in crème and pearl finishes.'),(4, 8, 28, 'https://shopping-project.s3.ca-central-1.amazonaws.com/images/24.jpeg', 'L\'Oreal Paris Age Perfect Radiant Serum Foundation Makeup, 15 Rose Ivory, 1 fl oz', 'L\'Oreal Paris', 14.17, 290, 'France', '1 fl oz', 'L\'Oreal Paris Age Perfect Radiant Serum Foundation Makeup, 15 Rose Ivory, Finally, makeup specially designed for mature skin - L\'Oreal Paris Age Perfect Radiant Serum Foundation Makeup, 15 Rose Ivory, is a carefully formulated foundation that provides your skin with Vitamin B3 and Hydrating Serum while also being suitable for sensitive skin. Radiant Serum Foundation evens tone providing natural, radiant coverage that doesn\'t settle into lines. All the benefits of a radiant foundation with the added advantage of all day hydration and SPF 50.'),(4, 9, 29, 'https://shopping-project.s3.ca-central-1.amazonaws.com/images/25.jpeg', 'U.S. Polo Assn. Men\'s Short Sleeve V-Neck Tee', 'U.S. Polo Assn.', 8.00, 450, 'U.S.', '', 'The U.S. Polo Assn. Men\'s V-Neck T-Shirt is the ideal complement to your favorite standby jeans. Perfect to wear anytime for a relaxed look that has a distinctly laid back vibe. Complete your casual look with sneakers, or dress it up with a blazer for a more polished finish. The U.S. Polo Assn. Men\'s V-Neck T-Shirt is machine washable and very easy to maintain. And in 100% cotton jersey, it\'s the endlessly comfortable styling piece you\'ll want to wear every day.'),(4, 9, 30, 'https://shopping-project.s3.ca-central-1.amazonaws.com/images/26.jpeg', 'PPYOUNG Mens Fashion Casual Front Placket Basic Short Sleeve Henley T-Shirts L', 'ppyoung', 13.99, 300, 'U.S.', '', 'This Men\'s Short Sleeve Henley Top is composed of 95% Cotton, 5% Spandex, Soft, Stretchy Fabric Comfortable, and slim fit casual wear. Stylish button-down collar, adjustable. You can wear it in different ways as you like. Slim fit, basic designed, button-down closure, and unique O-neck t-shirts of various colors. This shirt can be worn alone or as an inside match item to match your jacket. Has various colors that you can mix with stylish denim shorts or casual pants for the daily look.'),(4, 9, 31, 'https://shopping-project.s3.ca-central-1.amazonaws.com/images/27.jpeg', 'Wrangler Men\'s and Big Men\'s Stretch Cargo Shorts', 'Wrangler', 19.98, 200, 'Canada', '', 'Weekends were made for these Wrangler Men\'s & Big Men\'s Cargo Shorts. Made in a Relaxed Fit and epic soft fabric that flexes with you, these cargos redefine comfort. With side cargo pockets, slash pockets in front, back welt pockets, and a tech pocket for your cell, there is ample room for necessities on the go. Style comes easy whether you’re enjoying down-time or busy from sun-up to sunset.'),(4, 9, 32, 'https://shopping-project.s3.ca-central-1.amazonaws.com/images/28.jpeg', 'Fantaslook Dressy Blouses for Women Pleated Short Sleeve Tunic Tops Casual Floral Shirts', 'Fantaslook', 12.89, 240, 'Canada', '', 'Womens tops features crew neck, short sleeve, casual tunic tops, pleated floral shirts, loose fit style. Dressy Blouses for Women crafted with a delicate balance of elegance and modern flair, Pleated short sleeve tunic tops redefine casual chic. The gentle pleats accentuate the graceful flow of the fabric, offering a flattering silhouette that complements any body type. Designed for versatility, these blouses effortlessly transition from day to evening wear, whether you\'re attending a casual outing or a formal gathering. It is a basic floral tops to add to your wardrobe in summer, offering a loose fit and short sleeves for a relaxed feel.'),(4, 9, 33, 'https://shopping-project.s3.ca-central-1.amazonaws.com/images/29.jpeg', 'Fantaslook Blouses for Women Dressy V Neck Ruffle Sleeve Summer Tops Casual Flowy Shirts', 'Fantaslook', 14.99, 180, 'Canada', '', 'Indulge in the epitome of comfort and style with our exquisite blouses for women. Womens tops crafted from a lightweight, flowy fabric, womens shirts are a celebration of softness and skin-friendly luxury, embracing you in sheer comfort throughout the day. The dressy blouses for women features a flattering v-neckline, complemented by ruffle short sleeves that gracefully shape the outline of your arms. The pleated stitch back adds a touch of sophistication, while charming swiss dot decorations elevate womens dressy tops to a new level of loveliness.'),(4, 9, 34, 'https://shopping-project.s3.ca-central-1.amazonaws.com/images/29-2.jpeg', 'Time and Tru Women\'s Satin Midi Slip Skirt, Sizes XS-XXXL', 'Time and Tru', 14.98, 330, 'U.S.', '', 'Unleash your inner goddess with great confidence in Time and Tru\'s Midi Slip Skirt. Crafted in sleek satin to glam it up with your favorite heels or pair it with a tee and sneakers for casual vibes. Finished with a flirty side slit for fashion flair….and easy movement—this skirt just shot to the top of your must-have list.'),(4, 10, 35, 'https://shopping-project.s3.ca-central-1.amazonaws.com/images/30.jpeg', 'Hobibear Mens Sneakers Leather Running Shoes Trainers Sneaker Casual Hiking Shoes', 'Hobibear', 35.99, 150, 'U.S.', '', 'This running shoes for men are versatile in fashion is a variety of occasions such as daily, work, gym and hiking. The sole of sneakers men pattern with grooves enhances the anti-slip and grip ability of this men\'s sneaker. The men\'s trainers\' one-piece leather design allows for a breathable upper, while the rubber material sole provides cushioning and support for every step.'),(4, 10, 36, 'https://shopping-project.s3.ca-central-1.amazonaws.com/images/31.jpeg', 'Men\'s Wide Width Shoes with Adjustable Closure Lightweight for Diabetic Edema Plantar Fasciitis Bunions Arthritis Swollen Feet-SK2', 'CBMTCR', 62.90, 300, 'Canada', '', 'Our product features wide width with double depth, easy to put on and off, lightweight and breathable material providing superior support and comfortable fit for anyone who is in search of a comfortable and quality wide width walking shoes suitable for all-day wear.'),(4, 10, 37, 'https://shopping-project.s3.ca-central-1.amazonaws.com/images/32.jpeg', 'VONMAY Women\'s Slippers Cozy Slip-on Indoor Outdoor House Shoes', 'Vonmay', 14.99, 200, 'Canada', '', 'A Warm Embrace For Your Feet - These indoor/outdoor slippers for women melt your worries away the moment you slip into them. With furry lining and collar, a stylish soft knit, and memory foam insoles, winter and fall get cozier and comfier with every step.'),(4, 10, 38, 'https://shopping-project.s3.ca-central-1.amazonaws.com/images/33.jpeg', 'FAMITION Wedge Sandals for Women Comfortable Closed Toe Sandals Casual Summer Ankle Strap Platform Heel Sandals Dressy Shoes Blue Size 8', 'SHIBEVER', 20.99, 320, 'Canada', '', 'FAMITION Wedge Sandals for Women Dressy Casual Sandals Vintage Gladiator Closed Toe Sandal Womens Comfortable Ankle Strap Platform Wedge Sandals Wide Width Hollow Out Heel Summer Sandals for Women 2024 Trendy'),(4, 11, 39, 'https://shopping-project.s3.ca-central-1.amazonaws.com/images/34.jpeg', 'Apple AirPods with Charging Case (2nd Generation)', 'Apple', 99.00, 200, 'U.S.', '', 'NOTE: This model contains the standard lightning charging case, NOT the wireless charging case. With plenty of talk and listen time, voice-activated Siri access, and an available wireless charging case, AirPods deliver an incredible wireless headphone experience. Simply take them out and they’re ready to use with all your devices. Put them in your ears and they connect immediately, immersing you in rich, high-quality sound. Just like magic.'),(4, 11, 40, 'https://shopping-project.s3.ca-central-1.amazonaws.com/images/35.jpeg', 'HP Stream 14\" Laptop, Intel Celeron N4120 Processor, 4GB RAM, 64GB eMMC, Pink, Windows 11 (S mode) with Office 365 1-yr, 14-cf2112wm', 'HP', 169.00, 240, 'U.S.', '', 'Spend your days staying social, productive and connected to what matters with the dependable power of the HP Stream 14\" Laptop. This deceptively small, portable laptop still boasts a HD display with an ultra narrow bezel that\'s perfect for surfing, streaming and more on the go. With a reliable Intel processor and one-year subscription to Microsoft 365, you\'ll be the go-to person for documents, data and presentations.'),(4, 11, 41, 'https://shopping-project.s3.ca-central-1.amazonaws.com/images/36.jpeg', '2021 Apple 10.2-inch iPad Wi-Fi 64GB - Space Gray (9th Generation)', 'Apple', 249.00, 400, 'U.S.', '', 'Powerful. Easy to use. Versatile. iPad has a beautiful 10.2-inch Retina display,1 powerful A13 Bionic chip, and an Ultra Wide front camera with Center Stage. Work, play, create, learn, stay connected, and more. All at an incredible value.'),(4, 12, 42, 'https://shopping-project.s3.ca-central-1.amazonaws.com/images/37.jpeg', 'MUZZ Sectional Sofa with Movable Ottoman, Free Combination Sectional Couch', 'MUZZ', 199.99, 200, 'Canada', 'Small, Dark grey', 'Product pictures are for reference only. Real product\'s color may be a little different from the image due to the lighting or monitor\'s display. If you have any problems, please feel free to contact us, we will try our best to make you satisfied.'),(4, 12, 43, 'https://shopping-project.s3.ca-central-1.amazonaws.com/images/38.jpeg', 'IRONCK Industrial Bookshelves and Bookcases with Doors', 'IRONCK', 89.99, 100, 'U.S.', '11.8in Depth', 'This bookcase is an attractive piece of industrial furniture that can be coordinated with other stylish and modern furniture. It can stand alone in a lounge, living room, bedroom or office thanks to its unusual industrial design and elegant rustic character. In addition, the bookcase offers plenty of storage space. It can be placed in your home or office to store books and documents; in your living room to display your photos, collect antiques and combine with the TV cabinet as your entertainment centre; in the dining room as a stylish shelf to stack your precious bottles and glasses, in the kitchen to keep the toaster, spices, cutlery and any kitchen utensils you need.'),(4, 13, 44, 'https://shopping-project.s3.ca-central-1.amazonaws.com/images/39.jpeg', 'Cat Steel Toy Dump Truck - 17\" free wheeling Dump Truck made with real steel', 'Caterpillar', 29.97, 80, 'Canada', '17\"', 'The Caterpillar Mighty Steel Toy Dump Truck is designed for the most demanding of jobs! Built with sturdy steel construction and large wheels the Caterpillar Dump Truck it preforms just like the real thing. You\'re in control of the action, fill the steel dump bed, drive it to its destination, and use the real working dump bed to unload it! Cat Steel Construction Toys are known for their high quality and feature a lifetime guarantee so you can be comfortable knowing this product is built to last. Appropriate for ages 3 years and up.'),(4, 13, 45, 'https://shopping-project.s3.ca-central-1.amazonaws.com/images/40.jpeg', 'Melissa & Doug Burrow Bunny Rabbit Stuffed Animal (9 inches)', 'Melissa & Doug', 12.97, 100, 'Canada', '9 inches', 'Pretty Bramble Bunny looks poised to hop right into your heart! A soft gray coat is accented by tall ears and an extra-soft cotton tail in brilliant white.'),(4, 13, 46, 'https://shopping-project.s3.ca-central-1.amazonaws.com/images/41.jpeg', 'LEGO Minecraft The Swamp Adventure Set, Creative Toy with Crafting Table, Mangrove Tree and Alex Figure, Great Gift for Kids, 21240', 'LEGO', 9.89, 140, 'U.S.', '', 'Treat Minecraft players Ages 7 and over to a swamp full of hands-on, action-packed, creative play with LEGO Minecraft The Swamp Adventure (21240) building toy. Kids join Alex from the Minecraft game as she journeys through the swamp biome.'),(4, 14, 47, 'https://shopping-project.s3.ca-central-1.amazonaws.com/images/42.jpeg', 'Safety 1st Grow and Go Sprint All-in-One Convertible Car Seat, Black Beauty II', 'Safety 1st', 129.00, 400, 'U.S.', '', 'The Grow and Go Sprint All-in-One Convertible Car Seat has multiple comfort adjustment options to fit kids from birth to 10 years in three modes of use: rear-facing (5–40 lbs., 19\"–40\"), forward-facing (22–65 lbs., 29\"–49\"), and belt-positioning booster (40–100 lbs., 43\"–52\"). As your little one grows, the QuickFit™ harness lets you adjust the headrest and harness with one hand, in one quick motion. No re-threading. No re-installing.'),(4, 14, 48, 'https://shopping-project.s3.ca-central-1.amazonaws.com/images/43.jpeg', 'Pampers Swaddlers Diapers, Size 4, 66 Count (Select for More Options)', 'Pampers', 28.22, 500, 'Canada', 'Size 4, 66 Count', 'Fear no leaks with new and improved Pampers Swaddlers. Now featuring a Blowout Barrier at the back waist to help prevent up to 100% of leaks, even blowouts. Plus, Dual Leak-Guard Barriers at the legs help protect where leaks happen most. With Swaddlers, you can rest assured that you have superior leak protection* while keeping baby\'s skin healthy. Pampers Breathe-Free Liner wicks away wetness, allowing baby\'s skin to breathe, while the Lock-Away Channels help keep baby\'s skin dry and healthy. Pampers Swaddlers are dermatologist approved by the Skin Health Alliance, hypoallergenic, and free of parabens and latex. Pampers Swaddlers are available in sizes N-8 and now feature designs with our newest animal characters, Shiloh the Elephant and Freddy the Duck! For trusted protection, trust Pampers, the #1 pediatrician recommended brand.'),(4, 14, 49, 'https://shopping-project.s3.ca-central-1.amazonaws.com/images/44.jpeg', 'Similac Advance* Powder Baby Formula with Iron, DHA, Lutein, 30.8-oz Value Can', 'Similac', 35.98, 400, 'U.S.', '30.8-oz ', 'Similac Advance*is a nutritionally complete, milk-based, iron-fortified infant formula for baby’s first year. Ithas our exclusive blend of ingredients to support baby’s brain and eye development. Similac is the #1 infantformula brand fed in hospitals.* Not for infants or children with galactosemia.† No significant difference has been shown between milk derived from rbST-treated and non-rbST-treatedcows'),(4, 15, 50, 'https://shopping-project.s3.ca-central-1.amazonaws.com/images/45.jpeg', 'Nu Finish The Once A Year Car Polish - 16 OZ', 'Nu Finish', 8.47, 150, 'Canada', '16 OZ', 'Nu Finish The Once A Year Car Polish is an ideal addition to your collection of car care products. This liquid auto polish is the #1 Best Selling Car Polish* (*NPD 2016- April 2020) for 4 years, and counting. Unlike conventional carnauba car waxes that break down quickly in everyday conditions, Nu Finish liquid car polish is made up of a series of zinc cross-linking polymer emulsions that help it last longer than any other polish on the market and let you apply it anywhere, even in direct sunlight. Following an auto wash, thoroughly dry the vehicle\'s surface, and apply Nu Finish car polish sparingly. Let the polish dry to a haze, then wipe off using a clean, dry cloth. No rubbing or buffing needed. Depend on Nu Finish, the only car polish tough enough to be called “The Once A Year Car Polish.”'),(4, 15, 51, 'https://shopping-project.s3.ca-central-1.amazonaws.com/images/46.jpeg', 'Platinum Series Complete Microfiber Car Wash Kit, 7 Piece', 'Platinum Series', 13.00, 200, 'Canada', '', 'Platinum Series Complete Car Wash Kit, 7 Piece includes all you need to wash, dry and detail your vehicle. The Dip & Wash mop tool collapses down for easy storage and when extended, reaches all areas high and low while still maintaining its strength and durability. Super absorbent microfiber chenille safely tackles the removal of dirt and grime and may be removed to wash and reuse many times. The wheel brush cleans hard-to-reach areas around tires and rims. When finished washing your vehicle, grab the extra absorbent drying towel to quickly soak up water without leaving lint behind.'),(4, 15, 52, 'https://shopping-project.s3.ca-central-1.amazonaws.com/images/47.jpeg', 'AVAPOW W68 6000A Car Battery Jump Starter(for All Gas or up to 12L Diesel) , Yellow', 'AVAPOW', 92.99, 180, 'U.S.', '', 'The AVAPOW W68 Car Jump Starter packs an impressive 6000A peak current and a 32000mAh high-capacity battery, ideal for starting gas and diesel engines. It works with all 12-volt vehicles, from cars to boats, RVs, and more.With its ultra-light, portable design and smart jumper clip with eight-fold security protection, safety and convenience are paramount. The built-in indicator light prevents accidents caused by wrong operation.But that\'s not all! It\'s also a powerful car power pack, boasting two USB ports, including quick-charging, for your electronic devices during emergencies or outdoor activities.Jump Box features three LED modes - Illuminated, Flashing and SOS - combining safety, portability and versatility into one comprehensive and professional vehicle starting solution.Upgrade now and never be stranded again!'),(4, 16, 53, 'https://shopping-project.s3.ca-central-1.amazonaws.com/images/48.jpeg', 'Claritin 24 Hour Non-Drowsy Allergy Medicine, Loratadine Antihistamine Tablets, 10 Ct', 'Claritin', 11.52, 600, 'U.S.', '10 Ct', 'Claritin tablets provide powerful, 24-hour, non-drowsy relief of your worst indoor and outdoor allergy symptoms, including sneezing, runny nose, itchy/watery eyes and itchy throat/nose. Claritin provides relief of symptoms that can be triggered by over 200 different allergens. Claritin is an antihistamine, so it hinders the cascade triggered by allergens. For adults and children ages 6+. One tablet contains 10 mg of loratadine.'),(4, 16, 54, 'https://shopping-project.s3.ca-central-1.amazonaws.com/images/49.jpeg', 'Motrin Dual Action with Tylenol, Ibuprofen & Acetaminophen, 20 Ct', 'Motrin', 5.97, 550, 'Canada', '20 Ct', 'Motrin Dual Action with Tylenol, 2-in-1 pain reliever tablets with the two medicines Ibuprofen and Acetaminophen for relief from minor aches and pains. The pain relief tablets temporarily relieves minor aches and pains due to headache, toothache, backache, menstrual pains, menstrual cramps, muscle aches, and minor pain of arthritis. The dual action over the counter oral pain reliever combines two medicines for fast, effective relief. Each tablet contains 250 mg acetaminophen plus 125 mg NSAID ibuprofen (nonsteroidal anti-inflammatory drug). Adults and children 12 years of age and older should take two Motrin Dual Action with Tylenol tablets every eight hours while symptoms persist. Motrin Dual Action with Tylenol contains acetaminophen. Severe liver damage may occur if you take with other drugs containing acetaminophen.'),(4, 16, 55, 'https://shopping-project.s3.ca-central-1.amazonaws.com/images/50.jpeg', 'Vicks ZzzQuil Sleep Support LiquidCaps, 50mg Diphenhydramine HCI, over-the-Counter Medicine, 24 Ct', 'Vicks', 8.88, 300, 'Canada', '24 Ct', 'When you\'re having trouble getting that sound sleep your body craves, add some Zzzs to your night with ZzzQuil. ZzzQuil liquid capsules work to help you fall asleep fast - in as little as 20 minutes - so you can get the sleep when you need it and wake refreshed. All ZzzQuil over-the-counter medicine products are non-habit forming and specifically formulated with clinically proven ingredients by our team of dedicated scientists. They contain a non-habit-forming ingredient, Diphenhydramine HCI, which causes drowsiness by blocking the action of histamine, a chemical that sends waking signals to the brain. Each dose (2 LiquiCaps) contains 50mg.'),(4, 16, 56, 'https://shopping-project.s3.ca-central-1.amazonaws.com/images/51.jpeg', 'Zarbee\'s Baby Immune Support with Zinc, Age 6 months+, Grape, 2oz', 'Zarbee\'s', 8.48, 400, 'U.S.', '2oz', 'Zarbees Baby Immune Support with Zinc supports baby\'s developing immune system*. Made with Zinc for immune support* and organic agave, a natural nectar that is safe for infants and toddlers 6 months and up. Give 2 ml for babies age 6-11 months and 3 ml for babies and toddlers 1-3 years for year-round immune support*. The measured syringe makes dosing easy and accurate.Yummy Natural Grape FlavorYour little one will love the delicious natural grape flavor. You can feel good that Zarbees Baby Immune Support syrup is made from carefully selected ingredients inspired by nature and backed by science. Our kids immune support is free of drugs, alcohol, artificial sweeteners, high fructose corn syrup, & gluten. From Zarbee’s, founded by pediatrician and father, Dr. Zak Zarbock, and the #1 Pediatrician Recommended Immune Support Brand for Children.*These statements have not been evaluated by the Food and Drug Administration. This product is not intended to diagnose, treat, cure or prevent any disease.'),(4, 17, 57, 'https://shopping-project.s3.ca-central-1.amazonaws.com/images/52.jpeg', 'One A Day Women\'s Gummy Multivitamin, Multivitamins for Women, 80 Ct', 'One A Day', 10.48, 300, 'Canada', '80 Ct', 'Support your health with One A Day Women\'s VitaCraves multivitamin supplement with Folic Acid, Vitamins B6 and B12 to support heart health'),(4, 17, 58, 'https://shopping-project.s3.ca-central-1.amazonaws.com/images/53.jpeg', 'Spring Valley Vitamin D3 Softgels, 5000 IU, 100 Count', 'Spring Valley', 6.24, 350, 'U.S.', '5000 IU, 100 Count', 'Welcome the Vitamin D you need every day with the Spring Valley Vitamin D3 5,000 IU Softgels Vitamin Supplement. D3 is a potent and active form of Vitamin D, which is essential for calcium absorption, bone health, immune health and healthy teeth.* The human body can produce Vitamin D3 naturally, when the skin is directly exposed to sunlight. Even though the sun can be a great source of the D3 Vitamin, for various reasons, it may be difficult for people to get an adequate amount from the sun alone. Spring Valley Vitamin D3 softgels are an easy and reliable way to help fulfill your daily needs.* These Vitamin D supplements are gluten free, dairy free and non-GMO. Spring Valley D3 Vitamins contain no artificial colors or flavors.'),(4, 17, 59, 'https://shopping-project.s3.ca-central-1.amazonaws.com/images/54.jpeg', 'Spring Valley Vitamin C with Rose Hips Supplement, 500 mg, 100 Tablets', 'Spring Valley', 5.12, 400, 'U.S.', '500 mg, 100 Tablets', 'Vitamin C is a potent antioxidant and an essential nutrient that supports immune, cardiovascular, and bone health.'),(4, 18, 60, 'https://shopping-project.s3.ca-central-1.amazonaws.com/images/55.jpeg', 'Aveeno Skin Relief Moisturizing Body Wash, Soap Free for Sensitive Skin, Fragrance Free Shower Gel, 33 oz', 'Aveeno', 13.48, 740, 'Canada', '33 oz', 'Gently cleanse while leaving itchy, dry skin feeling moisturized with Aveeno Skin Relief Fragrance-Free Body Wash. This sulfate free body wash is made with a soothing Triple Oat formula and formulated for sensitive skin. Aveeno Skin Relief Body Wash gently, but effectively cleanses while leaving itchy, dry skin feeling soothed and feeling moisturized. 91% of users agreed the skin relief body wash gently cleansed their skin without drying it out. From the dermatologist-recommended brand for over 70 years, this body wash is allergy-tested, free of fragrances, sulfates, parabens, dyes, and soaps, and is suitable for daily use. To use, squeeze body wash onto a wet pouf, washcloth, or hands. Work into a rich, creamy lather, then rinse. Use the creamy body wash as a rich shave gel for silky, smooth legs. Follow with Aveeno Skin Relief Moisturizing Lotion to lock in moisture for 24 hours as a part of your daily skincare routine.'),(4, 18, 61, 'https://shopping-project.s3.ca-central-1.amazonaws.com/images/55-1.jpeg', 'Suave Essentials Gentle Body Wash, Sweet Vanilla, 18 oz', 'Suave', 3.12, 450, 'Canada', '18 oz', 'Allow us to reintroduce ourselves! Suave Essentials Body Washes are now new and improved! New look, new sizes, and even more benefits. Fresh, Floral, Fruit, Sweet, oh my! With our new fragrance families, finding your go-to scent is as easy as pie. Your new guilty pleasure is here with the Sweet Vanilla Silk Body Wash. Invoke a rich, sensual experience with sweet notes of vanilla cream, bright sparkling rose, and nourishing jojoba oil of our gentle body soap. The delightful, long-lasting blend of oil essence will leave your skin feeling instantly hydrated and silky smooth throughout the day. Now rich with 10X the moisturizers than before, and infused with Vitamin E and vanilla extracts, you\'ll pamper your skin with every use. Gentle and perfect for everyday cleansing, our Body Wash contains absolutely no parabens or phthalates in its formulation.'),(4, 18, 62, 'https://shopping-project.s3.ca-central-1.amazonaws.com/images/56.jpeg', 'Dove Hair Love Moisturizing Kids Daily Shampoo with Shea Butter and Coconut Oil, 17.5 fl oz', 'Dove', 6.98, 300, 'Canada', '17.5 fl oz', 'Dove Hair Love Moisturizing Kids Daily Shampoo with Shea Butter and Coconut Oil, kids textured hair deserves expert care, that\'s why Dove Kids Hair Care Moisturizing Shampoo, featuring Zuri from the award-winning animated film \"Hair Love,\" is specially designed for children to enhance the natural beauty of curls, coils, and waves. Our kids shampoo is infused with shea butter and coconut oil to nourish coils, curls, and waves, for soft, moisturized, and healthy-feeling hair. Bringing out the best in your kids hair texture has never been easier. Our moisturizing hair shampoo is made with a fun coconut cookie scent and a gentle formula. Our shampoo and conditioner range is made with shea butter and coconut oil, so your kids can embrace their natural and unique texture and give their hair an extra dose of care with every wash.'),(4, 19, 63, 'https://shopping-project.s3.ca-central-1.amazonaws.com/images/57.jpeg', 'Ol\' Roy Filet Mignon Flavor and Chicken & Rice Dinner Meaty Loaf Wet Dog Food Variety Pack for Dogs, 13.2 oz Cans (24 pack)', 'Ol\' Roy', 31.48, 400, 'Canada', '13.2 oz Cans (24 pack)', 'Ol\' Roy Filet Mignon Flavor and Chicken & Rice Dinner Meaty Loaf Wet Dog Food Variety Pack for Dogs, 13.2 oz Cans (24 pack) provides the nourishment your dog needs with the taste they will love.'),(4, 19, 64, 'https://shopping-project.s3.ca-central-1.amazonaws.com/images/58.png', 'Brutus Bone Broth Beef 32 oz', 'Brutus Broth', 7.97, 260, 'Canada', '32 oz', 'Brutus Broth started with our beloved pup, Brutus, who got a tastier meal and nutritional benefits from Grandma\'s bone broth. As a dog food topper, the bone broth for dogs made his dry food more easily digestible and improved his joint health. We created Brutus Broth to share these benefits with other dogs!'),(4, 19, 65, 'https://shopping-project.s3.ca-central-1.amazonaws.com/images/59.jpeg', 'Purina Friskies Pate Wet Cat Food, Soft Seafood & Chicken Variety Pack, 5.5 oz Cans (40 Pack)', 'Friskies', 30.48, 330, 'Canada', '5.5 oz Cans (40 Pack)', 'Make your cat\'s mouth water when you serve up a can from this Purina Friskies Seafood and Chicken Wet Pate Cat Food Variety Pack. Each package contains wet cat food seafood and chicken canned cat food pate recipes, all with a tender cat food wet pate texture she loves. Every serving from this Friskies wet cat food variety pack provides vitamins and minerals, delivering 100 percent complete and balanced nutrition for adult cats and letting you feel good about the foods you put in her dish.'),(4, 19, 66, 'https://shopping-project.s3.ca-central-1.amazonaws.com/images/60.jpeg', 'Purina Fancy Feast Gravy Lovers Poultry and Beef Gourmet Wet Cat Food Gravy Recipe Variety Pack', 'Fancy Feast', 25.74, 320, 'Canada', '3 oz Cans (30 Pack)', 'It’s important to find a high quality cat food that offers 100 percent complete and balanced nutrition that your cat looks forward to eating, so choose a Purina Fancy Feast Gravy Lovers Poultry and Beef Feast in Gravy Gourmet Canned Cat Food Variety Pack. Notable for its irresistible gourmet turkey, chicken, or beef with gravy cat food recipes, these adult cat food formulas will provide your cat with exceptional mealtime experiences whenever you pour it into their dish. Featuring real turkey, chicken or beef, an enticing aroma and a light, savory gravy, each unforgettable bite of these Fancy Feast Gravy Lovers canned cat food is thoughtfully crafted in partnership with Purina’s expert in-house cat nutritionists.'),(4, 20, 67, 'https://shopping-project.s3.ca-central-1.amazonaws.com/images/61.jpeg', 'Miracle-Gro Potting Mix 1 cu. ft., For Use With Container Plants', 'Miracle-Gro', 32.45, 150, 'Canada', '2 cu. ft.', 'Your plants want to show off, so give them what they need when you use Miracle-Gro® Potting Mix. Each bag contains the right ingredients needed to grow bigger and more beautiful indoor and outdoor container plants. Specially formulated with Miracle-Gro® Plant Food, this potting mix feeds plants for up to 6 months and it helps plants enjoy more blooms and more vibrant colors*. It provides the right mix for success with all types of indoor and outdoor container plants.'),(4, 20, 68, 'https://shopping-project.s3.ca-central-1.amazonaws.com/images/62.jpeg', 'Scotts Premium Topsoil, 0.75 cu. ft.', 'Scotts', 2.97, 460, 'Canada', '0.75 cu. ft.', 'Enhance your landscape with Scotts® Premium Topsoil Lawn and Garden Soil Conditioner. This soil conditioner adds organic matter and sphagnum peat moss to existing soil, and is ideal for new or existing gardens or new lawns. When conditioning soil for new gardens, spread 2-3 inches of product. Gently mix into the top 6-8 inches of native soil before leveling. For existing gardens, place 1-2 inches of product around plants, spread evenly, and gently mix into existing soil.'),(4, 20, 69, 'https://shopping-project.s3.ca-central-1.amazonaws.com/images/63.jpeg', 'Miracle-Gro Perlite, 8 qt., Improves Drainage and Aeration in Potting Mixes', 'Miracle-Gro', 17.75, 500, 'Canada', '8 qt.', 'Help prevent soil compaction and promote strong root development with Miracle-Gro® Perlite. Enriched with Miracle-Gro® Plant Food, Miracle-Gro® Perlite improves drainage and aeration in your potting mix and helps prevent soil compaction. Use Miracle-Gro® Perlite only when growing in containers to help those plants develop strong roots in potting mixes. The addition of perlite to a container also can help to improve drainage and aeration for plant roots. This lightweight media helps to prevent soil compaction when mixed evenly with potting mix.'),(4, 20, 70, 'https://shopping-project.s3.ca-central-1.amazonaws.com/images/64.jpeg', 'Expert Gardener Tomato & Vegetable Garden Plant Food Fertilizer, 12-10-5 Fertilizer, 4 lb.', 'Expert Gardener', 5.97, 160, 'Canada', '4 lb', 'Expert Gardener Tomato & Vegetable Garden Plant Food Fertilizer 12-10-5 4 lb. contains a slow release nitrogen formula that feeds for up to 3 months. In addition to customized macronutrient levels of Nitrogen, Phosphorous, and Potassium targeting all types of Tomatoes and Vegetables this fertilizer also contains a customized mix of micronutrients such as Calcium, Magnesium, Sulfur, Iron, Manganese and Zinc. The macro and micronutrients in Expert Gardener Tomato & Vegetable Garden Plant Food 4lb, is specially formulated to provide the right nutrients required for delicious top-quality tomatoes and vegetables.'),(4, 21, 71, 'https://shopping-project.s3.ca-central-1.amazonaws.com/images/65.jpeg', 'Carry On Garment Bag for Travel, Convertible Garment Duffel Bag with Shoe Compartment, Multifunctional Travel Bags for Women and Men', 'ZRSUN', 39.99, 240, 'Canada', '', 'This suit garment bag combines the feature of garment bag and travel duffel bag and Shoe bag. While open this travel garment bag and lay it out, it can be a great hanging garment bags. Just zip up the soft-sided suit duffel bag, it will turn out to be a perfect duffel bag for travel. Perfect for a week-long business trip or for a couples’weekend getaway.'),(4, 21, 72, 'https://shopping-project.s3.ca-central-1.amazonaws.com/images/66.jpeg', 'Hyper Tough Weather Resistant Light Duty 6 x 8\' Polyethylene Tarp', 'Hyper Tough', 4.82, 180, 'Canada', '6 x 8\'', 'World can be tough sometimes but so is tarpaulin. You can protect your equipment and supplies with Hyper Tough Weather Resistant Light Duty Tarp, 6\' x 8\' for Vehicle cover. This Light Duty tarp comes in blue color scheme and sturdy black carbonate grommets with 38 inches interval. This Light Duty tarp is ideal for general purpose to cover like vehicle, furniture, home use. With 2.6 mils thickness, this tarp can offer protection when it rains or shine through tear, weather, crack resistant. So if you are now looking for well covered protection, pls be ready with Hyper Tough Light Duty Tarpaulin.'),(4, 21, 73, 'https://shopping-project.s3.ca-central-1.amazonaws.com/images/67.png', '40L Lightweight Waterproof Hiking Backpack with Rain Cover,Outdoor Sport Travel Daypack for Cycling Skiing Camping Climbing', 'PACOLO', 28.99, 90, 'Canada', '40L', 'This 40L climbing backpack is specially designed for traveling enthusiasts,and it doesn\'t have a frame. With the ergonomic design, this backpack gives you more comfortable feeling. Made of high-quality and safe material, it is durable for long-time use. It will surely contribute to your fantastic outdoor experience.'),(4, 22, 74, 'https://shopping-project.s3.ca-central-1.amazonaws.com/images/68.jpeg', 'Desk Organizer with File Holder', 'INTIGE', 29.99, 110, 'Canada', '', 'Added the 3-layer inclined file holder would be able to organize books, magazines, letters, folders, and so on. And INTIGE paper tray organizer would store documents, files, and A4 papers. Under the combination of the two, the whole product has a more powerful storage and sorting ability for desks.'),(4, 22, 75, 'https://shopping-project.s3.ca-central-1.amazonaws.com/images/68-1.jpg', 'BestOffice Mesh Office Chair Desk, Black', 'BestOffice', 40.99, 50, 'Canada', '', 'This mesh task chair provides exceptional support to the hard-working professionals in your office. The office chair transparent mesh across the back allows air to circulate. Adjustable chair raise and lower the seat using the adjustment lever, conveniently located under the seat. And this ergonomic chair padded armrests take pressure off your shoulders and neckas needed. Fitted with five hooded dual-caster wheels, give yourself the ability to easily glide over carpeted floors while naturally performing tasks without exertion. '),(4, 22, 76, 'https://shopping-project.s3.ca-central-1.amazonaws.com/images/69.jpeg', 'Bostitch Konnect Power Expansion Kit: Two Outlet Charger for Desktop & Pencil Cup, Black', 'BOSTITCH', 9.97, 200, 'Canada', '', 'Bring power and organization to any desktop with the Black Konnect Power Expansion Kit. Featuring two built-in 120V power outlets, you can charge any phone, tablet or power device right from your desk. The top storage tray securely holds sticky notes, paperclips, business cards and other small accessories. Be the envy of the office with the neatest desktop thanks to the added Konnect Pencil Cup. This storage cup organizes pens, pencils, highlighters, small notepads and other desktop essentials. In lieu of a junk drawer, organize all the small office essentials with this storage cup. Maximize your Power Expansion kit by adding other Konnect Stackable Accessories.'),(4, 23, 77, 'https://shopping-project.s3.ca-central-1.amazonaws.com/images/70.jpeg', 'National Geographic Kids Almanac 2024 (Us Edition) (Paperback)', 'National Geographic Kids; Angela Modany', 10.99, 300, 'Canada', '', 'Our New York Times best-selling Almanac is packed with incredible photos, tons of fun facts, National Geographic exclusives, games, activities, and fascinating features about animals, science, nature, technology, and more.'),(4, 23, 78, 'https://shopping-project.s3.ca-central-1.amazonaws.com/images/71.jpeg', 'Food Network Magazine', 'Food Network Magazine', 25.83, 200, 'Canada', '', 'Food Network Magazine brings you everything you want to know about your favorite Food Network shows and celebrity chefs right to your mailbox each month. Learn how to cook like Bobby Flay, Geoffrey Zakarian and Giada De Laurentiis with this cooking and food magazine packed with recipe ideas and how-to tutorials. Brush up on your cooking techniques and impress your family and friends with all the food and drink recipes you learn from the latest issue of the magazine. If you don\'t feel like cooking at home, find a new restaurant to try with Food Network Magazine\'s restaurant reviews in various cities. Get a Food Network Magazine for the Food Network fanatic in your life or subscribe now for you and get up-to-date with your favorite Food Network stars as you cook along at home.'),(4, 23, 79, 'https://shopping-project.s3.ca-central-1.amazonaws.com/images/72.jpeg', 'Wellness on Time Magazine: Women in Wellness Edition', 'Wellness on Time', 13.00, 260, 'Canada', '', 'Wellness on Time Magazine: Wellness on Time Magazine: Women in Wellness Edition (Paperback)'),(5, 1, 80, 'https://shopping-project.s3.ca-central-1.amazonaws.com/images/1.jpeg', 'Marketside Fresh Spinach, 10 oz Bag, Fresh', 'Fresh Spinach', 2.28, 200, 'Canada', '10 oz', 'Marketside Fresh Spinach has a smooth, tender texture and great wholesome taste that is loaded with nutrients. This spinach is packed fresh, washed and ready to eat for your convenience. Use it to create your very own personalized salad tossed with your favorite vegetables, protein, nuts and dressing. Use it as a topping on sandwiches and pizzas, or simply enjoy it as a healthy side. It offers nutritional benefits as it is a rich source of vitamins A, C and iron. Enjoy fresh from the farm taste with Marketside Fresh Spinach.'),(5, 1, 81, 'https://shopping-project.s3.ca-central-1.amazonaws.com/images/2.jpeg', 'Marketside Fresh Green Beans, 12 oz', 'Fresh Green Beans', 2.57, 300, 'Canada', '12 oz', 'Eating your greens is a pleasure with Marketside Green Beans. These fresh, crisp, juicy green beans are easy to cook to tender-yet-firm perfection, and are ready to be the star of a treasure trove of delicious, wholesome dishes. Opt for a classic presentation with bacon and garlic, season them with lemon and cracked black pepper, or toss them in a wok with a sweet and sour glaze. They\'re washed and ready to eat, so you can get cooking the minute inspiration hits. Veggies are never boring with Marketside Green Beans.Fresh ideas and quality ingredients, that\'s how Marketside brings the best foods to your table. We are committed to deliver freshness that you can taste and see. Marketside offers the best in fresh food, guaranteed by Walmart, working in partnership with farmers, bakers and chefs for the highest quality, authentic ingredients and favorite recipes.'),(5, 1, 82, 'https://shopping-project.s3.ca-central-1.amazonaws.com/images/3.jpeg', 'Great Value Frozen Broccoli Florets, 12 oz Steamable Bag', 'Great Value Frozen Broccoli Florets', 1.16, 280, 'Canada', '12 oz', 'Eating your veggies just got easier with our Great Value Frozen Broccoli Florets. Whether you want to make a classic cheddar broccoli soup, a simple week-night casserole, or your very own homemade recipe, our Great Value Broccoli Florets have you covered. With no added chemicals or sugars, Great Value Broccoli Florets are frozen to ensure long-lasting farm-fresh flavors that are perfect for delicious, easy, and quick dinner ideas. Ready in minutes, Great Value Broccoli Florets are a convenient addition to your dinner plans!'),(5, 1, 83, 'https://shopping-project.s3.ca-central-1.amazonaws.com/images/4.jpeg', 'Fresh Green Onions Bunch, Each', 'Fresh Produce', 0.98, 100, 'Canada', '', 'Add flavor to your next meal with Fresh Green Onions. For breakfast, you could dice them and add to an omelet loaded with cheese, ham, and mushrooms. Chop up the stalks into little rings and mix them into sour cream to create a delicious chip dip. You can also add them to a fresh garden salad or sprinkle them on top of your fish tacos. However you choose to use it, this fresh produce will add something delicious to any meal. Add color and flavor to any dish with these Fresh Green Onions.'),(5, 1, 84, 'https://shopping-project.s3.ca-central-1.amazonaws.com/images/5.jpeg', 'Fresh Baby-Cut Carrots, 2lb Bag', 'Fresh Produce', 2.68, 260, 'Canada', '2lb', 'Snack healthfully with Fresh Baby-Cut Carrots. When you work sunup to sundown like we do, it’s tough to find time for a snack. We cut these so you can perfectly enjoy a crunchy, delicious treat filled with vitamin A, wherever you go. These carrots are harvested at the peak of ripeness, then cleaned, bagged, and rushed to your store to provide you the optimum freshness and quality. Why you should eat more carrots: Carrots are one of nature\'s best sources of nutrients, rich in Vitamin A with antioxidant beta-carotene. Carrots provide dietary fiber and potassium. Health agencies recommend that you eat five or more servings of fruits and vegetables, which include carrots, every day for good health. Enjoy the delicious flavor and healthy crunch of Fresh Baby-Cut Carrots.'),(5, 2, 186, 'https://shopping-project.s3.ca-central-1.amazonaws.com/images/76.jpeg', 'Pork Center Cut Loin Chops Boneless Family Pack, 2.0 - 3.8 lb Tray', 'Fresh Pork', 13.47, 104, 'Canada', '2.0 - 3.8 lb', 'There\'s nothing like cooking from scratch, especially when you start with our Boneless Pork Center Cut Loin Chops Family Pack. Made with quality cuts of USDA inspected pork, our fresh pork chops are juicy, flavorful and perfect for all of your favorite spice rubs and marinades. Fresh and ready to cook, our pork is an excellent source of protein and is a delicious addition to any recipe. Simply prepare and serve with lemon and basil orzo pasta for a delicious weeknight dinner. Includes one Family Pack of Boneless Pork Center Cut Loin Chops.'),(5, 2, 187, 'https://shopping-project.s3.ca-central-1.amazonaws.com/images/75.jpeg', 'All Natural* 80% Lean/20% Fat Ground Beef Chuck, 2.25 lb Tray', 'Fresh Ground Beef', 11.84, 122, 'U.S.', '2.25 lb', 'There\'s nothing like cooking from scratch, especially when you start with All Natural* 80% Lean/20% Fat Ground Beef Chuck. Made with quality USDA inspected beef and no artificial ingredients, our all natural* ground beef is juicy, tender and wet aged for flavor. Our beef is an excellent source of protein, vitamin B6, vitamin B12, zinc, niacin, selenium and a good source of phosphorous, riboflavin and iron. All 9 essential nutrients are naturally found in beef and are a flavorful way to give your body nutrients to help power through the day. Great for sautéing or grilling, our ground beef is a delicious addition to your favorite recipes. Simply cook and serve with asparagus, bow tie pasta and pesto sauce for a hearty weeknight dinner. Includes one package of All Natural* 80% Lean/20% Fat Ground Beef Chuck. *Minimally processed, no artificial ingredients'),(5, 2, 188, 'https://shopping-project.s3.ca-central-1.amazonaws.com/images/74.jpeg', 'Fresh Shellfish Fresh North Atlantic Lobster Tails, 7oz', 'Fresh', 16.92, 261, 'North Atlantic', '7oz', 'Cook up a special dinner with some Fresh Wild Caught Cold Water Lobster Tails. These previously frozen lobster tails were sourced from the cold waters of the North Atlantic Ocean. Lobster tails are perfect for entertaining guests or any special occasion. Whether you bake, grill, or steam these lobster tails, preparation is a snap. Each serving contains only 60 calories and provides 15 grams of protein and is Tree-Nut Free. Whether you\'re whipping up a gooey batch of lobster mac and cheese, some savory, buttery lobster rolls, a comforting bowl of lobster bisque, or enjoying the tails as they are, enjoying your favorite seafood is easy with these Wild Caught Cold Water Lobster Tails.'),(5, 2, 189, 'https://shopping-project.s3.ca-central-1.amazonaws.com/images/73.jpeg', 'Iberia Marinara Style Octopus, 4 oz', 'Iberia', 10.00, 150, 'Canada', '4 oz', 'Incorporate delicious, authentic flavors into your favorite dishes with this Goya Jumbo Squid in Garlic Sauce. A product of Spain, it is made with high-quality ingredients. This Goya Sauce features a full-bodied spicy flavor.'),(5, 3, 85, 'https://shopping-project.s3.ca-central-1.amazonaws.com/images/6.jpeg', 'Fresh Green Seedless Grapes, Bag (2.25 lbs/bag est.)', 'Fresh Produce', 5.58, 400, 'U.S.', '2.25 lbs', 'Treat yourself to the delicious, juicy flavor of Fresh Green Seedless Grapes. These grapes are bursting with flavor and are completely seedless. Prized for their lush, juicy pulp, very sweet flavors, and highly aromatic skins that offer a pleasant chewiness, they are also perfect for creating stunning cheese boards and charcuterie plates by pairing them with fresh cheese, crackers, or delectable meats like prosciutto. If you want to be really creative, you can freeze them and use them and ice cubes that won\'t melt and release water into your favorite drinks. Treat yourself to the whole fresh taste of Fresh Green Seedless Grapes.'),(5, 3, 86, 'https://shopping-project.s3.ca-central-1.amazonaws.com/images/7.jpeg', 'Fresh Strawberries, 1 lb Container', 'Fresh Produce', 2.86, 230, 'U.S.', '1 lb', 'The sweet, juicy flavor of Fresh Strawberries make them a refreshing and delicious treat. Enjoy them for breakfast, lunch, dinner, or dessert. Use them as topping for pancakes, bake them in a mouthwatering bread, mix them with cucumbers for a light and flavorful salad, or puree them for strawberry shortcake. They contain essential vitamins and nutrients like, vitamin C, fiber, potassium, vitamin B and magnesium making them perfect for a healthy diet. Prior to serving simply gently wash them, remove the leafy caps, and enjoy the fresh taste. Refrigerate the berries in original Clam Shell to keep them fresh and ready for use. Pick up Fresh Strawberries today and savor the delectable flavor.'),(5, 3, 87, 'https://shopping-project.s3.ca-central-1.amazonaws.com/images/8.jpeg', 'Fresh Navel Orange, Each', 'Fresh Produce', 0.88, 480, 'U.S.', '', 'Enjoy the juicy goodness of Fresh Navel Oranges. A great source of vitamin C, these oranges can be a satisfying afternoon snack, or you can use them in a variety of recipes. For breakfast, use these navel oranges to make a rich and creamy smoothie or serve them alongside your pancakes, sausage, and eggs. Slice these oranges and use them to add flavor to a lunchtime salad or as a garnish for your favorite cocktail. Oranges are used in many tasty desserts like ambrosia, orange bars, and zesty orange pie. Get creative in the kitchen and make homemade orange marmalade or a refreshing orange sorbet. However you choose to use them, Fresh Navel Oranges add flavor to any meal or beverage.'),(5, 4, 88, 'https://shopping-project.s3.ca-central-1.amazonaws.com/images/9.jpeg', 'Freshness Guaranteed Chocolate Frosted Mini Donuts, Bakery Clamshell,14 oz', 'Freshness Guaranteed', 3.24, 210, 'Canada', '14 oz', 'Enjoy a sweet treat with Freshness Guaranteed Frosted Mini Donuts. These treats feature a moist, rich donut covered in a delicious chocolate frosting. These mini donuts are a great addition to any breakfast table and they\'re easy to grab on the go and enjoy with a fresh cup of coffee or a glass of cold milk. They are perfect for a tasty snack, to serve as you entertain guests, bring to a friend\'s house, share with coworkers or for a delicious treat to indulge in on any given day. They are shelf stable and come in an easy open/close container to help maintain freshness for continued enjoyment. Satisfy your sweet tooth with Freshness Guaranteed Frosted Mini Donuts.'),(5, 4, 89, 'https://shopping-project.s3.ca-central-1.amazonaws.com/images/10.jpeg', 'Marketside Chocolate Chip Regular Muffins, 14 oz, 4 Count', 'Marketside', 3.98, 400, 'Canada', '14 oz', 'Marketside Chocolate Chip Muffins are a great any-time sweet treat that quickly satisfies your sweet-tooth craving. These exquisite muffins are moist and soft and loaded with semisweet chocolate chips for a pop of decadent chocolate flavor in every bite. Try these Marketside Chocolate chip muffins for breakfast with a hot cup of coffee or tea, as a sweet snack with a tall, cold glass of milk, or as a scrumptious dessert after dinner. Conveniently packaged with four regular-sized muffins per pack in a resealable container, these muffins are perfect to share with friends and family or savor by yourself.'),(5, 4, 90, 'https://shopping-project.s3.ca-central-1.amazonaws.com/images/11.jpeg', 'Marketside Blueberry Regular Muffins, 14 oz, 4 Count', 'Marketside', 3.98, 350, 'Canada', '14 oz', 'Marketside Blueberry Muffins are a great any-time sweet treat that quickly satisfies your sweet-tooth craving. These exquisite muffins are moist, soft, and loaded with real blueberries for a pop of flavor in every bite. Try these Marketside Blueberry muffins for breakfast with a hot cup of coffee or tea, as a sweet snack with a tall, cold glass of milk, or as a scrumptious dessert after dinner. Conveniently packaged with four regular-sized muffins per pack in a resealable container that maintains freshness, these muffins are perfect to share with friends and family or save and savor by yourself. Bring home these Marketside Blueberry Muffins today.'),(5, 4, 91, 'https://shopping-project.s3.ca-central-1.amazonaws.com/images/12.jpeg', 'Marketside All Butter Mini Croissants, Tub, Shelf Stable, 10.9 oz, 11 Count', 'Marketside', 4.98, 240, 'Canada', '10.9 oz', 'Marketside All Butter Mini Croissants are a tasty addition to any meal. You get 11 small, flaky, buttery croissants that work well for breakfast, lunch, and dinner. Try these Marketside Mini Croissants instead of English muffins. The re-sealable package keeps them fresh.'),(5, 5, 92, 'https://shopping-project.s3.ca-central-1.amazonaws.com/images/13.jpeg', 'Brami Fusilli Italian Protein Pasta', 'BRAMI', 3.13, 500, 'Canada', '12oz', 'At Brami, we believe that good quality ingredients are the key to a healthy diet that doesn\'t sacrifice on taste. Our Italian pasta’s take the great tradition and simply add the power of the Lupini Super Bean which delivers a delicious, non-GMO pasta that has 70% more protein, 3x more fiber, and 25% fewer carbs vs. regular pasta!'),(5, 5, 93, 'https://shopping-project.s3.ca-central-1.amazonaws.com/images/14.jpeg', 'Dreamfields Penne Rigate Pasta, Vegan with 5g Fiber, 13.25 oz, (Shelf Stable)', 'Dreamfields', 2.38, 430, 'U.S.', '13oz', 'Eat healthy and still experience the joy of pasta with Dreamfields Penne Rigate 13.25 oz. Dreamfields pasta provides the delicious taste and texture of traditional pasta with the benefit of prebiotic fiber to help promote healthy digestion and overall gut health. Non-GMO, vegan, and kosher certified, Dreamfields pasta is a good source of fiber, with 5g per 2 oz. dry serving and can be a nutritious and delicious part of a healthy diet. Dreamfields Penne Rigate is a quill-shaped pasta with ridges that make this shape excellent for holding your favorite sauces. Prepare Dreamfields Penne Rigate with your choice of colorful fresh vegetables, lean meat or fish, and a savory sauce. Available in seven classic pasta shapes, Dreamfields is an easy substitute for traditional pasta in your favorite recipes. With Dreamfields, the dream is real. You can have your pasta and eat healthy too. Shelf Stable'),(5, 5, 94, 'https://shopping-project.s3.ca-central-1.amazonaws.com/images/15.png', 'Sfoglini Organic Durum Semolina Radiators Pasta, Shelf-Stable 16 oz Box', 'Sfoglini', 5.13, 330, 'U.S.', '16oz', 'Traditionally named radiatore, after old cast-iron steam radiators, Sfoglini Organic Durum Semolina radiators have nooks and ruffled edges that capture extra sauce to offer a superb bite every time. The design development for radiatore dates to between the two World Wars making it one of the newer shapes in the lineage of dried pasta. Great for chunky tomato sauces, add hunks of bacon and sage, or combine with arugula, tomato and onion.'),(5, 6, 95, 'https://shopping-project.s3.ca-central-1.amazonaws.com/images/16.jpeg', 'Little Debbie Cosmic Brownies, 13 oz', 'Little Debbie', 2.68, 240, 'U.S.', '13 oz', 'Perfectly portioned snack? Check. Fun to share? Check. Classic chocolate treat? Check! Covered in delicious fudge icing, chewy Little Debbie® Cosmic Brownies feature a sprinkling of rainbow-colored, candy-coated chocolate chips for a surprise crunch and an all-out chocolate experience you\'ll love. So unwrap a dessert that will never go out of style, and enjoy a special treat that’s out of this world!'),(5, 6, 96, 'https://shopping-project.s3.ca-central-1.amazonaws.com/images/17.jpeg', 'Great Value Creme Filled Swiss Rolls Snack Cakes, 13 oz, 6 Count', 'Great Value', 1.97, 300, 'Canada', '13 oz', 'Let a little sweetness into your life with Great Value Creme Filled Swiss Rolls Snack Cakes. These deliciously soft, spongy chocolate cake rolls are filled with a fluffy and delicate creme filling that will bring you joy in every bite. Each snack cake pack is individually wrapped so you can indulge your sweet tooth on the go. Toss one of these packs into a snack-filled gift box, add to your child\'s lunch bag, or store some in your office drawer for an afternoon pick-me-up. Great Value Creme Filled Swiss Rolls Snack Cakes are a classic treat that will put a smile on your face.'),(5, 7, 97, 'https://shopping-project.s3.ca-central-1.amazonaws.com/images/18.jpeg', 'Keenstone Toaster', 'Keenstone', 35.99, 500, 'U.S.', '', 'Six Setting Shade For your Toasting Choice:Red、Blue、Green、White、Black、Dark Blue、Beige、Yellow'),(5, 7, 98, 'https://shopping-project.s3.ca-central-1.amazonaws.com/images/19.jpeg', 'MyMini 2 Piece Urban Cook Set, Blue', 'MyMini', 15.98, 460, 'Canada', '', 'The MyMini Aqua Blue Urban 2-Piece Multi-use Cookware Set is an essential addition to your kitchen. With this new versatile set, you can prepare any meal with ease. The adjustable temperature control ensures that you can achieve perfect heat levels while cooking, giving you precise control over your culinary creations. The set includes a 5.5\" non-stick frying pan, which is not only functional but also features a cool-touch handle for added safety and convenience. Whether you\'re a seasoned chef or just starting out, the MyMini Aqua Urban Cookware Set is a must-have for any kitchen. NM2UBNCKWMAQ Model Number'),(5, 7, 99, 'https://shopping-project.s3.ca-central-1.amazonaws.com/images/20.jpeg', 'Galanz 1.7 Cu ft Single Door Mini Fridge GL17BK, Black, New', 'Galanz', 88.00, 200, 'U.S.', '', 'Keep your food and drinks chilled with the Galanz GL17BK 1.7 Cu Ft Single Door Mini Fridge. It stands less than 2\' tall, giving you access to a compact size cooler that\'s ideal for use in a dorm room, an office, a game room or a man cave. The black mini fridge features a half-width freezer compartment that is suitable for storing ice and frozen food. It also has a coated wire shelf that slides out for easy access to items stored in the back. It even features a lower storage area and the interior door has space for condiments and a 2-liter bottle. Additionally, the Galanz GL17BK 1.7 Cu Ft Single Door Mini Fridge includes two leveling front legs for improved stability and a reversible door that enables you to hang it opening from either the left or the right side. Condition: New; Stock Number: GL17BK'),(5, 7, 100, 'https://shopping-project.s3.ca-central-1.amazonaws.com/images/21.jpeg', 'Ionvac ZipVac, 3-in-1 Corded Upright/Handheld Floor and Carpet Vacuum Cleaner, New', 'IonVac', 24.17, 150, 'Canada', '', 'Vacuuming should never feel like a workout, and with ionvac’s new ZipVac 3-in-1 vacuum, it doesn’t have to! This super-lightweight, ultra-portable vacuum cleaner, weighing in at only 5lb, switches from a traditional vacuum to a handheld one in seconds, allowing for versatile vacuuming and hassle-free convenience. Use the vacuum upright or remove the extender handle and utilize the Swivel Head for stairs and other low-profile surfaces. You can also attach the Slim Nozzle to vacuum tight corners and hard-to-reach spaces. From tile and hardwood floors to carpet and upholstery, this versatile vacuum packs multi-surface cleaning power you can rely on. A simple, convenient solution to your basic vacuuming needs is right here with the ionvac ZipVac!'),(5, 8, 101, 'https://shopping-project.s3.ca-central-1.amazonaws.com/images/22.jpeg', 'e.l.f. Halo Glow Liquid Filter, 3 Light/Medium, 1.06 fl oz', 'e.l.f. Cosmetics', 14.74, 240, 'Canada', '1.06 fl oz', 'Achieve a gorgeous glow with e.l.f. Cosmetics Halo Glow Liquid Filter—the only filter you’ll ever need. This innovative complexion booster and makeup-skincare hybrid is infused with squalane and hyaluronic acid that work to enhance the overall look of skin while rendering a soft-focus, effortless radiance. Wear on its own, under, or over makeup, mix in with your favorite e.l.f. foundation for a fresh, dewy finish, or use as a highlighter to illuminate the high points of your face. Available in 12 flexible shades that work beautifully across all skin tones.'),(5, 8, 102, 'https://shopping-project.s3.ca-central-1.amazonaws.com/images/23.jpeg', 'Revlon Super Lustrous Pearl Lipstick, Creamy Formula, 205 Champagne On Ice, 0.15 oz', 'Revlon', 6.48, 300, 'U.S.', '0.15 oz', 'Power to the fearless. This lipstick is a cult classic for a reason. Formulated with 80% conditioning ingredients, it glides on smoothly and visibly minimizes lines while giving lips a soft, fuller appearance. Made with microfine pigments for lipstick shades that are rich with color, lightweight in feel, and truly addictive to wear. Express yourself with zero apology in all 72 iconic shades including 12 NEW shades in crème and pearl finishes.'),(5, 8, 103, 'https://shopping-project.s3.ca-central-1.amazonaws.com/images/24.jpeg', 'L\'Oreal Paris Age Perfect Radiant Serum Foundation Makeup, 15 Rose Ivory, 1 fl oz', 'L\'Oreal Paris', 14.17, 290, 'France', '1 fl oz', 'L\'Oreal Paris Age Perfect Radiant Serum Foundation Makeup, 15 Rose Ivory, Finally, makeup specially designed for mature skin - L\'Oreal Paris Age Perfect Radiant Serum Foundation Makeup, 15 Rose Ivory, is a carefully formulated foundation that provides your skin with Vitamin B3 and Hydrating Serum while also being suitable for sensitive skin. Radiant Serum Foundation evens tone providing natural, radiant coverage that doesn\'t settle into lines. All the benefits of a radiant foundation with the added advantage of all day hydration and SPF 50.'),(5, 9, 104, 'https://shopping-project.s3.ca-central-1.amazonaws.com/images/25.jpeg', 'U.S. Polo Assn. Men\'s Short Sleeve V-Neck Tee', 'U.S. Polo Assn.', 8.00, 450, 'U.S.', '', 'The U.S. Polo Assn. Men\'s V-Neck T-Shirt is the ideal complement to your favorite standby jeans. Perfect to wear anytime for a relaxed look that has a distinctly laid back vibe. Complete your casual look with sneakers, or dress it up with a blazer for a more polished finish. The U.S. Polo Assn. Men\'s V-Neck T-Shirt is machine washable and very easy to maintain. And in 100% cotton jersey, it\'s the endlessly comfortable styling piece you\'ll want to wear every day.'),(5, 9, 105, 'https://shopping-project.s3.ca-central-1.amazonaws.com/images/26.jpeg', 'PPYOUNG Mens Fashion Casual Front Placket Basic Short Sleeve Henley T-Shirts L', 'ppyoung', 13.99, 300, 'U.S.', '', 'This Men\'s Short Sleeve Henley Top is composed of 95% Cotton, 5% Spandex, Soft, Stretchy Fabric Comfortable, and slim fit casual wear. Stylish button-down collar, adjustable. You can wear it in different ways as you like. Slim fit, basic designed, button-down closure, and unique O-neck t-shirts of various colors. This shirt can be worn alone or as an inside match item to match your jacket. Has various colors that you can mix with stylish denim shorts or casual pants for the daily look.'),(5, 9, 106, 'https://shopping-project.s3.ca-central-1.amazonaws.com/images/27.jpeg', 'Wrangler Men\'s and Big Men\'s Stretch Cargo Shorts', 'Wrangler', 19.98, 200, 'Canada', '', 'Weekends were made for these Wrangler Men\'s & Big Men\'s Cargo Shorts. Made in a Relaxed Fit and epic soft fabric that flexes with you, these cargos redefine comfort. With side cargo pockets, slash pockets in front, back welt pockets, and a tech pocket for your cell, there is ample room for necessities on the go. Style comes easy whether you’re enjoying down-time or busy from sun-up to sunset.'),(5, 9, 107, 'https://shopping-project.s3.ca-central-1.amazonaws.com/images/28.jpeg', 'Fantaslook Dressy Blouses for Women Pleated Short Sleeve Tunic Tops Casual Floral Shirts', 'Fantaslook', 12.89, 240, 'Canada', '', 'Womens tops features crew neck, short sleeve, casual tunic tops, pleated floral shirts, loose fit style. Dressy Blouses for Women crafted with a delicate balance of elegance and modern flair, Pleated short sleeve tunic tops redefine casual chic. The gentle pleats accentuate the graceful flow of the fabric, offering a flattering silhouette that complements any body type. Designed for versatility, these blouses effortlessly transition from day to evening wear, whether you\'re attending a casual outing or a formal gathering. It is a basic floral tops to add to your wardrobe in summer, offering a loose fit and short sleeves for a relaxed feel.'),(5, 9, 108, 'https://shopping-project.s3.ca-central-1.amazonaws.com/images/29.jpeg', 'Fantaslook Blouses for Women Dressy V Neck Ruffle Sleeve Summer Tops Casual Flowy Shirts', 'Fantaslook', 14.99, 180, 'Canada', '', 'Indulge in the epitome of comfort and style with our exquisite blouses for women. Womens tops crafted from a lightweight, flowy fabric, womens shirts are a celebration of softness and skin-friendly luxury, embracing you in sheer comfort throughout the day. The dressy blouses for women features a flattering v-neckline, complemented by ruffle short sleeves that gracefully shape the outline of your arms. The pleated stitch back adds a touch of sophistication, while charming swiss dot decorations elevate womens dressy tops to a new level of loveliness.'),(5, 9, 109, 'https://shopping-project.s3.ca-central-1.amazonaws.com/images/29-2.jpeg', 'Time and Tru Women\'s Satin Midi Slip Skirt, Sizes XS-XXXL', 'Time and Tru', 14.98, 330, 'U.S.', '', 'Unleash your inner goddess with great confidence in Time and Tru\'s Midi Slip Skirt. Crafted in sleek satin to glam it up with your favorite heels or pair it with a tee and sneakers for casual vibes. Finished with a flirty side slit for fashion flair….and easy movement—this skirt just shot to the top of your must-have list.'),(5, 10, 110, 'https://shopping-project.s3.ca-central-1.amazonaws.com/images/30.jpeg', 'Hobibear Mens Sneakers Leather Running Shoes Trainers Sneaker Casual Hiking Shoes', 'Hobibear', 35.99, 150, 'U.S.', '', 'This running shoes for men are versatile in fashion is a variety of occasions such as daily, work, gym and hiking. The sole of sneakers men pattern with grooves enhances the anti-slip and grip ability of this men\'s sneaker. The men\'s trainers\' one-piece leather design allows for a breathable upper, while the rubber material sole provides cushioning and support for every step.'),(5, 10, 111, 'https://shopping-project.s3.ca-central-1.amazonaws.com/images/31.jpeg', 'Men\'s Wide Width Shoes with Adjustable Closure Lightweight for Diabetic Edema Plantar Fasciitis Bunions Arthritis Swollen Feet-SK2', 'CBMTCR', 62.90, 300, 'Canada', '', 'Our product features wide width with double depth, easy to put on and off, lightweight and breathable material providing superior support and comfortable fit for anyone who is in search of a comfortable and quality wide width walking shoes suitable for all-day wear.'),(5, 10, 112, 'https://shopping-project.s3.ca-central-1.amazonaws.com/images/32.jpeg', 'VONMAY Women\'s Slippers Cozy Slip-on Indoor Outdoor House Shoes', 'Vonmay', 14.99, 200, 'Canada', '', 'A Warm Embrace For Your Feet - These indoor/outdoor slippers for women melt your worries away the moment you slip into them. With furry lining and collar, a stylish soft knit, and memory foam insoles, winter and fall get cozier and comfier with every step.'),(5, 10, 113, 'https://shopping-project.s3.ca-central-1.amazonaws.com/images/33.jpeg', 'FAMITION Wedge Sandals for Women Comfortable Closed Toe Sandals Casual Summer Ankle Strap Platform Heel Sandals Dressy Shoes Blue Size 8', 'SHIBEVER', 20.99, 320, 'Canada', '', 'FAMITION Wedge Sandals for Women Dressy Casual Sandals Vintage Gladiator Closed Toe Sandal Womens Comfortable Ankle Strap Platform Wedge Sandals Wide Width Hollow Out Heel Summer Sandals for Women 2024 Trendy'),(5, 13, 114, 'https://shopping-project.s3.ca-central-1.amazonaws.com/images/39.jpeg', 'Cat Steel Toy Dump Truck - 17\" free wheeling Dump Truck made with real steel', 'Caterpillar', 29.97, 80, 'Canada', '17\"', 'The Caterpillar Mighty Steel Toy Dump Truck is designed for the most demanding of jobs! Built with sturdy steel construction and large wheels the Caterpillar Dump Truck it preforms just like the real thing. You\'re in control of the action, fill the steel dump bed, drive it to its destination, and use the real working dump bed to unload it! Cat Steel Construction Toys are known for their high quality and feature a lifetime guarantee so you can be comfortable knowing this product is built to last. Appropriate for ages 3 years and up.'),(5, 13, 115, 'https://shopping-project.s3.ca-central-1.amazonaws.com/images/40.jpeg', 'Melissa & Doug Burrow Bunny Rabbit Stuffed Animal (9 inches)', 'Melissa & Doug', 12.97, 100, 'Canada', '9 inches', 'Pretty Bramble Bunny looks poised to hop right into your heart! A soft gray coat is accented by tall ears and an extra-soft cotton tail in brilliant white.'),(5, 13, 116, 'https://shopping-project.s3.ca-central-1.amazonaws.com/images/41.jpeg', 'LEGO Minecraft The Swamp Adventure Set, Creative Toy with Crafting Table, Mangrove Tree and Alex Figure, Great Gift for Kids, 21240', 'LEGO', 9.89, 140, 'U.S.', '', 'Treat Minecraft players Ages 7 and over to a swamp full of hands-on, action-packed, creative play with LEGO Minecraft The Swamp Adventure (21240) building toy. Kids join Alex from the Minecraft game as she journeys through the swamp biome.'),(5, 14, 117, 'https://shopping-project.s3.ca-central-1.amazonaws.com/images/42.jpeg', 'Safety 1st Grow and Go Sprint All-in-One Convertible Car Seat, Black Beauty II', 'Safety 1st', 129.00, 400, 'U.S.', '', 'The Grow and Go Sprint All-in-One Convertible Car Seat has multiple comfort adjustment options to fit kids from birth to 10 years in three modes of use: rear-facing (5–40 lbs., 19\"–40\"), forward-facing (22–65 lbs., 29\"–49\"), and belt-positioning booster (40–100 lbs., 43\"–52\"). As your little one grows, the QuickFit™ harness lets you adjust the headrest and harness with one hand, in one quick motion. No re-threading. No re-installing.'),(5, 14, 118, 'https://shopping-project.s3.ca-central-1.amazonaws.com/images/43.jpeg', 'Pampers Swaddlers Diapers, Size 4, 66 Count (Select for More Options)', 'Pampers', 28.22, 500, 'Canada', 'Size 4, 66 Count', 'Fear no leaks with new and improved Pampers Swaddlers. Now featuring a Blowout Barrier at the back waist to help prevent up to 100% of leaks, even blowouts. Plus, Dual Leak-Guard Barriers at the legs help protect where leaks happen most. With Swaddlers, you can rest assured that you have superior leak protection* while keeping baby\'s skin healthy. Pampers Breathe-Free Liner wicks away wetness, allowing baby\'s skin to breathe, while the Lock-Away Channels help keep baby\'s skin dry and healthy. Pampers Swaddlers are dermatologist approved by the Skin Health Alliance, hypoallergenic, and free of parabens and latex. Pampers Swaddlers are available in sizes N-8 and now feature designs with our newest animal characters, Shiloh the Elephant and Freddy the Duck! For trusted protection, trust Pampers, the #1 pediatrician recommended brand.'),(5, 14, 119, 'https://shopping-project.s3.ca-central-1.amazonaws.com/images/44.jpeg', 'Similac Advance* Powder Baby Formula with Iron, DHA, Lutein, 30.8-oz Value Can', 'Similac', 35.98, 400, 'U.S.', '30.8-oz ', 'Similac Advance*is a nutritionally complete, milk-based, iron-fortified infant formula for baby’s first year. Ithas our exclusive blend of ingredients to support baby’s brain and eye development. Similac is the #1 infantformula brand fed in hospitals.* Not for infants or children with galactosemia.† No significant difference has been shown between milk derived from rbST-treated and non-rbST-treatedcows'),(5, 15, 120, 'https://shopping-project.s3.ca-central-1.amazonaws.com/images/45.jpeg', 'Nu Finish The Once A Year Car Polish - 16 OZ', 'Nu Finish', 8.47, 150, 'Canada', '16 OZ', 'Nu Finish The Once A Year Car Polish is an ideal addition to your collection of car care products. This liquid auto polish is the #1 Best Selling Car Polish* (*NPD 2016- April 2020) for 4 years, and counting. Unlike conventional carnauba car waxes that break down quickly in everyday conditions, Nu Finish liquid car polish is made up of a series of zinc cross-linking polymer emulsions that help it last longer than any other polish on the market and let you apply it anywhere, even in direct sunlight. Following an auto wash, thoroughly dry the vehicle\'s surface, and apply Nu Finish car polish sparingly. Let the polish dry to a haze, then wipe off using a clean, dry cloth. No rubbing or buffing needed. Depend on Nu Finish, the only car polish tough enough to be called “The Once A Year Car Polish.”'),(5, 15, 121, 'https://shopping-project.s3.ca-central-1.amazonaws.com/images/46.jpeg', 'Platinum Series Complete Microfiber Car Wash Kit, 7 Piece', 'Platinum Series', 13.00, 200, 'Canada', '', 'Platinum Series Complete Car Wash Kit, 7 Piece includes all you need to wash, dry and detail your vehicle. The Dip & Wash mop tool collapses down for easy storage and when extended, reaches all areas high and low while still maintaining its strength and durability. Super absorbent microfiber chenille safely tackles the removal of dirt and grime and may be removed to wash and reuse many times. The wheel brush cleans hard-to-reach areas around tires and rims. When finished washing your vehicle, grab the extra absorbent drying towel to quickly soak up water without leaving lint behind.'),(5, 15, 122, 'https://shopping-project.s3.ca-central-1.amazonaws.com/images/47.jpeg', 'AVAPOW W68 6000A Car Battery Jump Starter(for All Gas or up to 12L Diesel) , Yellow', 'AVAPOW', 92.99, 180, 'U.S.', '', 'The AVAPOW W68 Car Jump Starter packs an impressive 6000A peak current and a 32000mAh high-capacity battery, ideal for starting gas and diesel engines. It works with all 12-volt vehicles, from cars to boats, RVs, and more.With its ultra-light, portable design and smart jumper clip with eight-fold security protection, safety and convenience are paramount. The built-in indicator light prevents accidents caused by wrong operation.But that\'s not all! It\'s also a powerful car power pack, boasting two USB ports, including quick-charging, for your electronic devices during emergencies or outdoor activities.Jump Box features three LED modes - Illuminated, Flashing and SOS - combining safety, portability and versatility into one comprehensive and professional vehicle starting solution.Upgrade now and never be stranded again!'),(5, 16, 123, 'https://shopping-project.s3.ca-central-1.amazonaws.com/images/48.jpeg', 'Claritin 24 Hour Non-Drowsy Allergy Medicine, Loratadine Antihistamine Tablets, 10 Ct', 'Claritin', 11.52, 600, 'U.S.', '10 Ct', 'Claritin tablets provide powerful, 24-hour, non-drowsy relief of your worst indoor and outdoor allergy symptoms, including sneezing, runny nose, itchy/watery eyes and itchy throat/nose. Claritin provides relief of symptoms that can be triggered by over 200 different allergens. Claritin is an antihistamine, so it hinders the cascade triggered by allergens. For adults and children ages 6+. One tablet contains 10 mg of loratadine.'),(5, 16, 124, 'https://shopping-project.s3.ca-central-1.amazonaws.com/images/49.jpeg', 'Motrin Dual Action with Tylenol, Ibuprofen & Acetaminophen, 20 Ct', 'Motrin', 5.97, 550, 'Canada', '20 Ct', 'Motrin Dual Action with Tylenol, 2-in-1 pain reliever tablets with the two medicines Ibuprofen and Acetaminophen for relief from minor aches and pains. The pain relief tablets temporarily relieves minor aches and pains due to headache, toothache, backache, menstrual pains, menstrual cramps, muscle aches, and minor pain of arthritis. The dual action over the counter oral pain reliever combines two medicines for fast, effective relief. Each tablet contains 250 mg acetaminophen plus 125 mg NSAID ibuprofen (nonsteroidal anti-inflammatory drug). Adults and children 12 years of age and older should take two Motrin Dual Action with Tylenol tablets every eight hours while symptoms persist. Motrin Dual Action with Tylenol contains acetaminophen. Severe liver damage may occur if you take with other drugs containing acetaminophen.'),(5, 16, 125, 'https://shopping-project.s3.ca-central-1.amazonaws.com/images/50.jpeg', 'Vicks ZzzQuil Sleep Support LiquidCaps, 50mg Diphenhydramine HCI, over-the-Counter Medicine, 24 Ct', 'Vicks', 8.88, 300, 'Canada', '24 Ct', 'When you\'re having trouble getting that sound sleep your body craves, add some Zzzs to your night with ZzzQuil. ZzzQuil liquid capsules work to help you fall asleep fast - in as little as 20 minutes - so you can get the sleep when you need it and wake refreshed. All ZzzQuil over-the-counter medicine products are non-habit forming and specifically formulated with clinically proven ingredients by our team of dedicated scientists. They contain a non-habit-forming ingredient, Diphenhydramine HCI, which causes drowsiness by blocking the action of histamine, a chemical that sends waking signals to the brain. Each dose (2 LiquiCaps) contains 50mg.'),(5, 16, 126, 'https://shopping-project.s3.ca-central-1.amazonaws.com/images/51.jpeg', 'Zarbee\'s Baby Immune Support with Zinc, Age 6 months+, Grape, 2oz', 'Zarbee\'s', 8.48, 400, 'U.S.', '2oz', 'Zarbees Baby Immune Support with Zinc supports baby\'s developing immune system*. Made with Zinc for immune support* and organic agave, a natural nectar that is safe for infants and toddlers 6 months and up. Give 2 ml for babies age 6-11 months and 3 ml for babies and toddlers 1-3 years for year-round immune support*. The measured syringe makes dosing easy and accurate.Yummy Natural Grape FlavorYour little one will love the delicious natural grape flavor. You can feel good that Zarbees Baby Immune Support syrup is made from carefully selected ingredients inspired by nature and backed by science. Our kids immune support is free of drugs, alcohol, artificial sweeteners, high fructose corn syrup, & gluten. From Zarbee’s, founded by pediatrician and father, Dr. Zak Zarbock, and the #1 Pediatrician Recommended Immune Support Brand for Children.*These statements have not been evaluated by the Food and Drug Administration. This product is not intended to diagnose, treat, cure or prevent any disease.'),(5, 17, 127, 'https://shopping-project.s3.ca-central-1.amazonaws.com/images/52.jpeg', 'One A Day Women\'s Gummy Multivitamin, Multivitamins for Women, 80 Ct', 'One A Day', 10.48, 300, 'Canada', '80 Ct', 'Support your health with One A Day Women\'s VitaCraves multivitamin supplement with Folic Acid, Vitamins B6 and B12 to support heart health'),(5, 17, 128, 'https://shopping-project.s3.ca-central-1.amazonaws.com/images/53.jpeg', 'Spring Valley Vitamin D3 Softgels, 5000 IU, 100 Count', 'Spring Valley', 6.24, 350, 'U.S.', '5000 IU, 100 Count', 'Welcome the Vitamin D you need every day with the Spring Valley Vitamin D3 5,000 IU Softgels Vitamin Supplement. D3 is a potent and active form of Vitamin D, which is essential for calcium absorption, bone health, immune health and healthy teeth.* The human body can produce Vitamin D3 naturally, when the skin is directly exposed to sunlight. Even though the sun can be a great source of the D3 Vitamin, for various reasons, it may be difficult for people to get an adequate amount from the sun alone. Spring Valley Vitamin D3 softgels are an easy and reliable way to help fulfill your daily needs.* These Vitamin D supplements are gluten free, dairy free and non-GMO. Spring Valley D3 Vitamins contain no artificial colors or flavors.'),(5, 17, 129, 'https://shopping-project.s3.ca-central-1.amazonaws.com/images/54.jpeg', 'Spring Valley Vitamin C with Rose Hips Supplement, 500 mg, 100 Tablets', 'Spring Valley', 5.12, 400, 'U.S.', '500 mg, 100 Tablets', 'Vitamin C is a potent antioxidant and an essential nutrient that supports immune, cardiovascular, and bone health.'),(5, 18, 130, 'https://shopping-project.s3.ca-central-1.amazonaws.com/images/55.jpeg', 'Aveeno Skin Relief Moisturizing Body Wash, Soap Free for Sensitive Skin, Fragrance Free Shower Gel, 33 oz', 'Aveeno', 13.48, 740, 'Canada', '33 oz', 'Gently cleanse while leaving itchy, dry skin feeling moisturized with Aveeno Skin Relief Fragrance-Free Body Wash. This sulfate free body wash is made with a soothing Triple Oat formula and formulated for sensitive skin. Aveeno Skin Relief Body Wash gently, but effectively cleanses while leaving itchy, dry skin feeling soothed and feeling moisturized. 91% of users agreed the skin relief body wash gently cleansed their skin without drying it out. From the dermatologist-recommended brand for over 70 years, this body wash is allergy-tested, free of fragrances, sulfates, parabens, dyes, and soaps, and is suitable for daily use. To use, squeeze body wash onto a wet pouf, washcloth, or hands. Work into a rich, creamy lather, then rinse. Use the creamy body wash as a rich shave gel for silky, smooth legs. Follow with Aveeno Skin Relief Moisturizing Lotion to lock in moisture for 24 hours as a part of your daily skincare routine.'),(5, 18, 131, 'https://shopping-project.s3.ca-central-1.amazonaws.com/images/55-1.jpeg', 'Suave Essentials Gentle Body Wash, Sweet Vanilla, 18 oz', 'Suave', 3.12, 450, 'Canada', '18 oz', 'Allow us to reintroduce ourselves! Suave Essentials Body Washes are now new and improved! New look, new sizes, and even more benefits. Fresh, Floral, Fruit, Sweet, oh my! With our new fragrance families, finding your go-to scent is as easy as pie. Your new guilty pleasure is here with the Sweet Vanilla Silk Body Wash. Invoke a rich, sensual experience with sweet notes of vanilla cream, bright sparkling rose, and nourishing jojoba oil of our gentle body soap. The delightful, long-lasting blend of oil essence will leave your skin feeling instantly hydrated and silky smooth throughout the day. Now rich with 10X the moisturizers than before, and infused with Vitamin E and vanilla extracts, you\'ll pamper your skin with every use. Gentle and perfect for everyday cleansing, our Body Wash contains absolutely no parabens or phthalates in its formulation.'),(5, 18, 132, 'https://shopping-project.s3.ca-central-1.amazonaws.com/images/56.jpeg', 'Dove Hair Love Moisturizing Kids Daily Shampoo with Shea Butter and Coconut Oil, 17.5 fl oz', 'Dove', 6.98, 300, 'Canada', '17.5 fl oz', 'Dove Hair Love Moisturizing Kids Daily Shampoo with Shea Butter and Coconut Oil, kids textured hair deserves expert care, that\'s why Dove Kids Hair Care Moisturizing Shampoo, featuring Zuri from the award-winning animated film \"Hair Love,\" is specially designed for children to enhance the natural beauty of curls, coils, and waves. Our kids shampoo is infused with shea butter and coconut oil to nourish coils, curls, and waves, for soft, moisturized, and healthy-feeling hair. Bringing out the best in your kids hair texture has never been easier. Our moisturizing hair shampoo is made with a fun coconut cookie scent and a gentle formula. Our shampoo and conditioner range is made with shea butter and coconut oil, so your kids can embrace their natural and unique texture and give their hair an extra dose of care with every wash.'),(6, 1, 133, 'https://shopping-project.s3.ca-central-1.amazonaws.com/images/1.jpeg', 'Marketside Fresh Spinach, 10 oz Bag, Fresh', 'Fresh Spinach', 2.28, 200, 'Canada', '10 oz', 'Marketside Fresh Spinach has a smooth, tender texture and great wholesome taste that is loaded with nutrients. This spinach is packed fresh, washed and ready to eat for your convenience. Use it to create your very own personalized salad tossed with your favorite vegetables, protein, nuts and dressing. Use it as a topping on sandwiches and pizzas, or simply enjoy it as a healthy side. It offers nutritional benefits as it is a rich source of vitamins A, C and iron. Enjoy fresh from the farm taste with Marketside Fresh Spinach.'),(6, 1, 134, 'https://shopping-project.s3.ca-central-1.amazonaws.com/images/2.jpeg', 'Marketside Fresh Green Beans, 12 oz', 'Fresh Green Beans', 2.57, 300, 'Canada', '12 oz', 'Eating your greens is a pleasure with Marketside Green Beans. These fresh, crisp, juicy green beans are easy to cook to tender-yet-firm perfection, and are ready to be the star of a treasure trove of delicious, wholesome dishes. Opt for a classic presentation with bacon and garlic, season them with lemon and cracked black pepper, or toss them in a wok with a sweet and sour glaze. They\'re washed and ready to eat, so you can get cooking the minute inspiration hits. Veggies are never boring with Marketside Green Beans.Fresh ideas and quality ingredients, that\'s how Marketside brings the best foods to your table. We are committed to deliver freshness that you can taste and see. Marketside offers the best in fresh food, guaranteed by Walmart, working in partnership with farmers, bakers and chefs for the highest quality, authentic ingredients and favorite recipes.'),(6, 1, 135, 'https://shopping-project.s3.ca-central-1.amazonaws.com/images/3.jpeg', 'Great Value Frozen Broccoli Florets, 12 oz Steamable Bag', 'Great Value Frozen Broccoli Florets', 1.16, 280, 'Canada', '12 oz', 'Eating your veggies just got easier with our Great Value Frozen Broccoli Florets. Whether you want to make a classic cheddar broccoli soup, a simple week-night casserole, or your very own homemade recipe, our Great Value Broccoli Florets have you covered. With no added chemicals or sugars, Great Value Broccoli Florets are frozen to ensure long-lasting farm-fresh flavors that are perfect for delicious, easy, and quick dinner ideas. Ready in minutes, Great Value Broccoli Florets are a convenient addition to your dinner plans!'),(6, 1, 136, 'https://shopping-project.s3.ca-central-1.amazonaws.com/images/4.jpeg', 'Fresh Green Onions Bunch, Each', 'Fresh Produce', 0.98, 100, 'Canada', '', 'Add flavor to your next meal with Fresh Green Onions. For breakfast, you could dice them and add to an omelet loaded with cheese, ham, and mushrooms. Chop up the stalks into little rings and mix them into sour cream to create a delicious chip dip. You can also add them to a fresh garden salad or sprinkle them on top of your fish tacos. However you choose to use it, this fresh produce will add something delicious to any meal. Add color and flavor to any dish with these Fresh Green Onions.'),(6, 1, 137, 'https://shopping-project.s3.ca-central-1.amazonaws.com/images/5.jpeg', 'Fresh Baby-Cut Carrots, 2lb Bag', 'Fresh Produce', 2.68, 260, 'Canada', '2lb', 'Snack healthfully with Fresh Baby-Cut Carrots. When you work sunup to sundown like we do, it’s tough to find time for a snack. We cut these so you can perfectly enjoy a crunchy, delicious treat filled with vitamin A, wherever you go. These carrots are harvested at the peak of ripeness, then cleaned, bagged, and rushed to your store to provide you the optimum freshness and quality. Why you should eat more carrots: Carrots are one of nature\'s best sources of nutrients, rich in Vitamin A with antioxidant beta-carotene. Carrots provide dietary fiber and potassium. Health agencies recommend that you eat five or more servings of fruits and vegetables, which include carrots, every day for good health. Enjoy the delicious flavor and healthy crunch of Fresh Baby-Cut Carrots.'),(6, 2, 190, 'https://shopping-project.s3.ca-central-1.amazonaws.com/images/76.jpeg', 'Pork Center Cut Loin Chops Boneless Family Pack, 2.0 - 3.8 lb Tray', 'Fresh Pork', 13.47, 104, 'Canada', '2.0 - 3.8 lb', 'There\'s nothing like cooking from scratch, especially when you start with our Boneless Pork Center Cut Loin Chops Family Pack. Made with quality cuts of USDA inspected pork, our fresh pork chops are juicy, flavorful and perfect for all of your favorite spice rubs and marinades. Fresh and ready to cook, our pork is an excellent source of protein and is a delicious addition to any recipe. Simply prepare and serve with lemon and basil orzo pasta for a delicious weeknight dinner. Includes one Family Pack of Boneless Pork Center Cut Loin Chops.'),(6, 2, 191, 'https://shopping-project.s3.ca-central-1.amazonaws.com/images/75.jpeg', 'All Natural* 80% Lean/20% Fat Ground Beef Chuck, 2.25 lb Tray', 'Fresh Ground Beef', 11.84, 122, 'U.S.', '2.25 lb', 'There\'s nothing like cooking from scratch, especially when you start with All Natural* 80% Lean/20% Fat Ground Beef Chuck. Made with quality USDA inspected beef and no artificial ingredients, our all natural* ground beef is juicy, tender and wet aged for flavor. Our beef is an excellent source of protein, vitamin B6, vitamin B12, zinc, niacin, selenium and a good source of phosphorous, riboflavin and iron. All 9 essential nutrients are naturally found in beef and are a flavorful way to give your body nutrients to help power through the day. Great for sautéing or grilling, our ground beef is a delicious addition to your favorite recipes. Simply cook and serve with asparagus, bow tie pasta and pesto sauce for a hearty weeknight dinner. Includes one package of All Natural* 80% Lean/20% Fat Ground Beef Chuck. *Minimally processed, no artificial ingredients'),(6, 2, 192, 'https://shopping-project.s3.ca-central-1.amazonaws.com/images/74.jpeg', 'Fresh Shellfish Fresh North Atlantic Lobster Tails, 7oz', 'Fresh', 16.92, 261, 'North Atlantic', '7oz', 'Cook up a special dinner with some Fresh Wild Caught Cold Water Lobster Tails. These previously frozen lobster tails were sourced from the cold waters of the North Atlantic Ocean. Lobster tails are perfect for entertaining guests or any special occasion. Whether you bake, grill, or steam these lobster tails, preparation is a snap. Each serving contains only 60 calories and provides 15 grams of protein and is Tree-Nut Free. Whether you\'re whipping up a gooey batch of lobster mac and cheese, some savory, buttery lobster rolls, a comforting bowl of lobster bisque, or enjoying the tails as they are, enjoying your favorite seafood is easy with these Wild Caught Cold Water Lobster Tails.'),(6, 2, 193, 'https://shopping-project.s3.ca-central-1.amazonaws.com/images/73.jpeg', 'Iberia Marinara Style Octopus, 4 oz', 'Iberia', 10.00, 150, 'Canada', '4 oz', 'Incorporate delicious, authentic flavors into your favorite dishes with this Goya Jumbo Squid in Garlic Sauce. A product of Spain, it is made with high-quality ingredients. This Goya Sauce features a full-bodied spicy flavor.'),(6, 3, 138, 'https://shopping-project.s3.ca-central-1.amazonaws.com/images/6.jpeg', 'Fresh Green Seedless Grapes, Bag (2.25 lbs/bag est.)', 'Fresh Produce', 5.58, 400, 'U.S.', '2.25 lbs', 'Treat yourself to the delicious, juicy flavor of Fresh Green Seedless Grapes. These grapes are bursting with flavor and are completely seedless. Prized for their lush, juicy pulp, very sweet flavors, and highly aromatic skins that offer a pleasant chewiness, they are also perfect for creating stunning cheese boards and charcuterie plates by pairing them with fresh cheese, crackers, or delectable meats like prosciutto. If you want to be really creative, you can freeze them and use them and ice cubes that won\'t melt and release water into your favorite drinks. Treat yourself to the whole fresh taste of Fresh Green Seedless Grapes.'),(6, 3, 139, 'https://shopping-project.s3.ca-central-1.amazonaws.com/images/7.jpeg', 'Fresh Strawberries, 1 lb Container', 'Fresh Produce', 2.86, 230, 'U.S.', '1 lb', 'The sweet, juicy flavor of Fresh Strawberries make them a refreshing and delicious treat. Enjoy them for breakfast, lunch, dinner, or dessert. Use them as topping for pancakes, bake them in a mouthwatering bread, mix them with cucumbers for a light and flavorful salad, or puree them for strawberry shortcake. They contain essential vitamins and nutrients like, vitamin C, fiber, potassium, vitamin B and magnesium making them perfect for a healthy diet. Prior to serving simply gently wash them, remove the leafy caps, and enjoy the fresh taste. Refrigerate the berries in original Clam Shell to keep them fresh and ready for use. Pick up Fresh Strawberries today and savor the delectable flavor.'),(6, 3, 140, 'https://shopping-project.s3.ca-central-1.amazonaws.com/images/8.jpeg', 'Fresh Navel Orange, Each', 'Fresh Produce', 0.88, 480, 'U.S.', '', 'Enjoy the juicy goodness of Fresh Navel Oranges. A great source of vitamin C, these oranges can be a satisfying afternoon snack, or you can use them in a variety of recipes. For breakfast, use these navel oranges to make a rich and creamy smoothie or serve them alongside your pancakes, sausage, and eggs. Slice these oranges and use them to add flavor to a lunchtime salad or as a garnish for your favorite cocktail. Oranges are used in many tasty desserts like ambrosia, orange bars, and zesty orange pie. Get creative in the kitchen and make homemade orange marmalade or a refreshing orange sorbet. However you choose to use them, Fresh Navel Oranges add flavor to any meal or beverage.'),(6, 4, 141, 'https://shopping-project.s3.ca-central-1.amazonaws.com/images/9.jpeg', 'Freshness Guaranteed Chocolate Frosted Mini Donuts, Bakery Clamshell,14 oz', 'Freshness Guaranteed', 3.24, 210, 'Canada', '14 oz', 'Enjoy a sweet treat with Freshness Guaranteed Frosted Mini Donuts. These treats feature a moist, rich donut covered in a delicious chocolate frosting. These mini donuts are a great addition to any breakfast table and they\'re easy to grab on the go and enjoy with a fresh cup of coffee or a glass of cold milk. They are perfect for a tasty snack, to serve as you entertain guests, bring to a friend\'s house, share with coworkers or for a delicious treat to indulge in on any given day. They are shelf stable and come in an easy open/close container to help maintain freshness for continued enjoyment. Satisfy your sweet tooth with Freshness Guaranteed Frosted Mini Donuts.'),(6, 4, 142, 'https://shopping-project.s3.ca-central-1.amazonaws.com/images/10.jpeg', 'Marketside Chocolate Chip Regular Muffins, 14 oz, 4 Count', 'Marketside', 3.98, 400, 'Canada', '14 oz', 'Marketside Chocolate Chip Muffins are a great any-time sweet treat that quickly satisfies your sweet-tooth craving. These exquisite muffins are moist and soft and loaded with semisweet chocolate chips for a pop of decadent chocolate flavor in every bite. Try these Marketside Chocolate chip muffins for breakfast with a hot cup of coffee or tea, as a sweet snack with a tall, cold glass of milk, or as a scrumptious dessert after dinner. Conveniently packaged with four regular-sized muffins per pack in a resealable container, these muffins are perfect to share with friends and family or savor by yourself.'),(6, 4, 143, 'https://shopping-project.s3.ca-central-1.amazonaws.com/images/11.jpeg', 'Marketside Blueberry Regular Muffins, 14 oz, 4 Count', 'Marketside', 3.98, 350, 'Canada', '14 oz', 'Marketside Blueberry Muffins are a great any-time sweet treat that quickly satisfies your sweet-tooth craving. These exquisite muffins are moist, soft, and loaded with real blueberries for a pop of flavor in every bite. Try these Marketside Blueberry muffins for breakfast with a hot cup of coffee or tea, as a sweet snack with a tall, cold glass of milk, or as a scrumptious dessert after dinner. Conveniently packaged with four regular-sized muffins per pack in a resealable container that maintains freshness, these muffins are perfect to share with friends and family or save and savor by yourself. Bring home these Marketside Blueberry Muffins today.'),(6, 4, 144, 'https://shopping-project.s3.ca-central-1.amazonaws.com/images/12.jpeg', 'Marketside All Butter Mini Croissants, Tub, Shelf Stable, 10.9 oz, 11 Count', 'Marketside', 4.98, 240, 'Canada', '10.9 oz', 'Marketside All Butter Mini Croissants are a tasty addition to any meal. You get 11 small, flaky, buttery croissants that work well for breakfast, lunch, and dinner. Try these Marketside Mini Croissants instead of English muffins. The re-sealable package keeps them fresh.'),(6, 5, 145, 'https://shopping-project.s3.ca-central-1.amazonaws.com/images/13.jpeg', 'Brami Fusilli Italian Protein Pasta', 'BRAMI', 3.13, 500, 'Canada', '12oz', 'At Brami, we believe that good quality ingredients are the key to a healthy diet that doesn\'t sacrifice on taste. Our Italian pasta’s take the great tradition and simply add the power of the Lupini Super Bean which delivers a delicious, non-GMO pasta that has 70% more protein, 3x more fiber, and 25% fewer carbs vs. regular pasta!'),(6, 5, 146, 'https://shopping-project.s3.ca-central-1.amazonaws.com/images/14.jpeg', 'Dreamfields Penne Rigate Pasta, Vegan with 5g Fiber, 13.25 oz, (Shelf Stable)', 'Dreamfields', 2.38, 430, 'U.S.', '13oz', 'Eat healthy and still experience the joy of pasta with Dreamfields Penne Rigate 13.25 oz. Dreamfields pasta provides the delicious taste and texture of traditional pasta with the benefit of prebiotic fiber to help promote healthy digestion and overall gut health. Non-GMO, vegan, and kosher certified, Dreamfields pasta is a good source of fiber, with 5g per 2 oz. dry serving and can be a nutritious and delicious part of a healthy diet. Dreamfields Penne Rigate is a quill-shaped pasta with ridges that make this shape excellent for holding your favorite sauces. Prepare Dreamfields Penne Rigate with your choice of colorful fresh vegetables, lean meat or fish, and a savory sauce. Available in seven classic pasta shapes, Dreamfields is an easy substitute for traditional pasta in your favorite recipes. With Dreamfields, the dream is real. You can have your pasta and eat healthy too. Shelf Stable'),(6, 5, 147, 'https://shopping-project.s3.ca-central-1.amazonaws.com/images/15.png', 'Sfoglini Organic Durum Semolina Radiators Pasta, Shelf-Stable 16 oz Box', 'Sfoglini', 5.13, 330, 'U.S.', '16oz', 'Traditionally named radiatore, after old cast-iron steam radiators, Sfoglini Organic Durum Semolina radiators have nooks and ruffled edges that capture extra sauce to offer a superb bite every time. The design development for radiatore dates to between the two World Wars making it one of the newer shapes in the lineage of dried pasta. Great for chunky tomato sauces, add hunks of bacon and sage, or combine with arugula, tomato and onion.'),(6, 6, 148, 'https://shopping-project.s3.ca-central-1.amazonaws.com/images/16.jpeg', 'Little Debbie Cosmic Brownies, 13 oz', 'Little Debbie', 2.68, 240, 'U.S.', '13 oz', 'Perfectly portioned snack? Check. Fun to share? Check. Classic chocolate treat? Check! Covered in delicious fudge icing, chewy Little Debbie® Cosmic Brownies feature a sprinkling of rainbow-colored, candy-coated chocolate chips for a surprise crunch and an all-out chocolate experience you\'ll love. So unwrap a dessert that will never go out of style, and enjoy a special treat that’s out of this world!'),(6, 6, 149, 'https://shopping-project.s3.ca-central-1.amazonaws.com/images/17.jpeg', 'Great Value Creme Filled Swiss Rolls Snack Cakes, 13 oz, 6 Count', 'Great Value', 1.97, 300, 'Canada', '13 oz', 'Let a little sweetness into your life with Great Value Creme Filled Swiss Rolls Snack Cakes. These deliciously soft, spongy chocolate cake rolls are filled with a fluffy and delicate creme filling that will bring you joy in every bite. Each snack cake pack is individually wrapped so you can indulge your sweet tooth on the go. Toss one of these packs into a snack-filled gift box, add to your child\'s lunch bag, or store some in your office drawer for an afternoon pick-me-up. Great Value Creme Filled Swiss Rolls Snack Cakes are a classic treat that will put a smile on your face.'),(6, 7, 150, 'https://shopping-project.s3.ca-central-1.amazonaws.com/images/18.jpeg', 'Keenstone Toaster', 'Keenstone', 35.99, 500, 'U.S.', '', 'Six Setting Shade For your Toasting Choice:Red、Blue、Green、White、Black、Dark Blue、Beige、Yellow'),(6, 7, 151, 'https://shopping-project.s3.ca-central-1.amazonaws.com/images/19.jpeg', 'MyMini 2 Piece Urban Cook Set, Blue', 'MyMini', 15.98, 460, 'Canada', '', 'The MyMini Aqua Blue Urban 2-Piece Multi-use Cookware Set is an essential addition to your kitchen. With this new versatile set, you can prepare any meal with ease. The adjustable temperature control ensures that you can achieve perfect heat levels while cooking, giving you precise control over your culinary creations. The set includes a 5.5\" non-stick frying pan, which is not only functional but also features a cool-touch handle for added safety and convenience. Whether you\'re a seasoned chef or just starting out, the MyMini Aqua Urban Cookware Set is a must-have for any kitchen. NM2UBNCKWMAQ Model Number'),(6, 7, 152, 'https://shopping-project.s3.ca-central-1.amazonaws.com/images/20.jpeg', 'Galanz 1.7 Cu ft Single Door Mini Fridge GL17BK, Black, New', 'Galanz', 88.00, 200, 'U.S.', '', 'Keep your food and drinks chilled with the Galanz GL17BK 1.7 Cu Ft Single Door Mini Fridge. It stands less than 2\' tall, giving you access to a compact size cooler that\'s ideal for use in a dorm room, an office, a game room or a man cave. The black mini fridge features a half-width freezer compartment that is suitable for storing ice and frozen food. It also has a coated wire shelf that slides out for easy access to items stored in the back. It even features a lower storage area and the interior door has space for condiments and a 2-liter bottle. Additionally, the Galanz GL17BK 1.7 Cu Ft Single Door Mini Fridge includes two leveling front legs for improved stability and a reversible door that enables you to hang it opening from either the left or the right side. Condition: New; Stock Number: GL17BK'),(6, 7, 153, 'https://shopping-project.s3.ca-central-1.amazonaws.com/images/21.jpeg', 'Ionvac ZipVac, 3-in-1 Corded Upright/Handheld Floor and Carpet Vacuum Cleaner, New', 'IonVac', 24.17, 150, 'Canada', '', 'Vacuuming should never feel like a workout, and with ionvac’s new ZipVac 3-in-1 vacuum, it doesn’t have to! This super-lightweight, ultra-portable vacuum cleaner, weighing in at only 5lb, switches from a traditional vacuum to a handheld one in seconds, allowing for versatile vacuuming and hassle-free convenience. Use the vacuum upright or remove the extender handle and utilize the Swivel Head for stairs and other low-profile surfaces. You can also attach the Slim Nozzle to vacuum tight corners and hard-to-reach spaces. From tile and hardwood floors to carpet and upholstery, this versatile vacuum packs multi-surface cleaning power you can rely on. A simple, convenient solution to your basic vacuuming needs is right here with the ionvac ZipVac!'),(6, 8, 154, 'https://shopping-project.s3.ca-central-1.amazonaws.com/images/22.jpeg', 'e.l.f. Halo Glow Liquid Filter, 3 Light/Medium, 1.06 fl oz', 'e.l.f. Cosmetics', 14.74, 240, 'Canada', '1.06 fl oz', 'Achieve a gorgeous glow with e.l.f. Cosmetics Halo Glow Liquid Filter—the only filter you’ll ever need. This innovative complexion booster and makeup-skincare hybrid is infused with squalane and hyaluronic acid that work to enhance the overall look of skin while rendering a soft-focus, effortless radiance. Wear on its own, under, or over makeup, mix in with your favorite e.l.f. foundation for a fresh, dewy finish, or use as a highlighter to illuminate the high points of your face. Available in 12 flexible shades that work beautifully across all skin tones.'),(6, 8, 155, 'https://shopping-project.s3.ca-central-1.amazonaws.com/images/23.jpeg', 'Revlon Super Lustrous Pearl Lipstick, Creamy Formula, 205 Champagne On Ice, 0.15 oz', 'Revlon', 6.48, 300, 'U.S.', '0.15 oz', 'Power to the fearless. This lipstick is a cult classic for a reason. Formulated with 80% conditioning ingredients, it glides on smoothly and visibly minimizes lines while giving lips a soft, fuller appearance. Made with microfine pigments for lipstick shades that are rich with color, lightweight in feel, and truly addictive to wear. Express yourself with zero apology in all 72 iconic shades including 12 NEW shades in crème and pearl finishes.'),(6, 8, 156, 'https://shopping-project.s3.ca-central-1.amazonaws.com/images/24.jpeg', 'L\'Oreal Paris Age Perfect Radiant Serum Foundation Makeup, 15 Rose Ivory, 1 fl oz', 'L\'Oreal Paris', 14.17, 290, 'France', '1 fl oz', 'L\'Oreal Paris Age Perfect Radiant Serum Foundation Makeup, 15 Rose Ivory, Finally, makeup specially designed for mature skin - L\'Oreal Paris Age Perfect Radiant Serum Foundation Makeup, 15 Rose Ivory, is a carefully formulated foundation that provides your skin with Vitamin B3 and Hydrating Serum while also being suitable for sensitive skin. Radiant Serum Foundation evens tone providing natural, radiant coverage that doesn\'t settle into lines. All the benefits of a radiant foundation with the added advantage of all day hydration and SPF 50.'),(6, 9, 157, 'https://shopping-project.s3.ca-central-1.amazonaws.com/images/25.jpeg', 'U.S. Polo Assn. Men\'s Short Sleeve V-Neck Tee', 'U.S. Polo Assn.', 8.00, 450, 'U.S.', '', 'The U.S. Polo Assn. Men\'s V-Neck T-Shirt is the ideal complement to your favorite standby jeans. Perfect to wear anytime for a relaxed look that has a distinctly laid back vibe. Complete your casual look with sneakers, or dress it up with a blazer for a more polished finish. The U.S. Polo Assn. Men\'s V-Neck T-Shirt is machine washable and very easy to maintain. And in 100% cotton jersey, it\'s the endlessly comfortable styling piece you\'ll want to wear every day.'),(6, 9, 158, 'https://shopping-project.s3.ca-central-1.amazonaws.com/images/26.jpeg', 'PPYOUNG Mens Fashion Casual Front Placket Basic Short Sleeve Henley T-Shirts L', 'ppyoung', 13.99, 300, 'U.S.', '', 'This Men\'s Short Sleeve Henley Top is composed of 95% Cotton, 5% Spandex, Soft, Stretchy Fabric Comfortable, and slim fit casual wear. Stylish button-down collar, adjustable. You can wear it in different ways as you like. Slim fit, basic designed, button-down closure, and unique O-neck t-shirts of various colors. This shirt can be worn alone or as an inside match item to match your jacket. Has various colors that you can mix with stylish denim shorts or casual pants for the daily look.'),(6, 9, 159, 'https://shopping-project.s3.ca-central-1.amazonaws.com/images/27.jpeg', 'Wrangler Men\'s and Big Men\'s Stretch Cargo Shorts', 'Wrangler', 19.98, 200, 'Canada', '', 'Weekends were made for these Wrangler Men\'s & Big Men\'s Cargo Shorts. Made in a Relaxed Fit and epic soft fabric that flexes with you, these cargos redefine comfort. With side cargo pockets, slash pockets in front, back welt pockets, and a tech pocket for your cell, there is ample room for necessities on the go. Style comes easy whether you’re enjoying down-time or busy from sun-up to sunset.'),(6, 9, 160, 'https://shopping-project.s3.ca-central-1.amazonaws.com/images/28.jpeg', 'Fantaslook Dressy Blouses for Women Pleated Short Sleeve Tunic Tops Casual Floral Shirts', 'Fantaslook', 12.89, 240, 'Canada', '', 'Womens tops features crew neck, short sleeve, casual tunic tops, pleated floral shirts, loose fit style. Dressy Blouses for Women crafted with a delicate balance of elegance and modern flair, Pleated short sleeve tunic tops redefine casual chic. The gentle pleats accentuate the graceful flow of the fabric, offering a flattering silhouette that complements any body type. Designed for versatility, these blouses effortlessly transition from day to evening wear, whether you\'re attending a casual outing or a formal gathering. It is a basic floral tops to add to your wardrobe in summer, offering a loose fit and short sleeves for a relaxed feel.'),(6, 9, 161, 'https://shopping-project.s3.ca-central-1.amazonaws.com/images/29.jpeg', 'Fantaslook Blouses for Women Dressy V Neck Ruffle Sleeve Summer Tops Casual Flowy Shirts', 'Fantaslook', 14.99, 180, 'Canada', '', 'Indulge in the epitome of comfort and style with our exquisite blouses for women. Womens tops crafted from a lightweight, flowy fabric, womens shirts are a celebration of softness and skin-friendly luxury, embracing you in sheer comfort throughout the day. The dressy blouses for women features a flattering v-neckline, complemented by ruffle short sleeves that gracefully shape the outline of your arms. The pleated stitch back adds a touch of sophistication, while charming swiss dot decorations elevate womens dressy tops to a new level of loveliness.'),(6, 9, 162, 'https://shopping-project.s3.ca-central-1.amazonaws.com/images/29-2.jpeg', 'Time and Tru Women\'s Satin Midi Slip Skirt, Sizes XS-XXXL', 'Time and Tru', 14.98, 330, 'U.S.', '', 'Unleash your inner goddess with great confidence in Time and Tru\'s Midi Slip Skirt. Crafted in sleek satin to glam it up with your favorite heels or pair it with a tee and sneakers for casual vibes. Finished with a flirty side slit for fashion flair….and easy movement—this skirt just shot to the top of your must-have list.'),(6, 10, 163, 'https://shopping-project.s3.ca-central-1.amazonaws.com/images/30.jpeg', 'Hobibear Mens Sneakers Leather Running Shoes Trainers Sneaker Casual Hiking Shoes', 'Hobibear', 35.99, 150, 'U.S.', '', 'This running shoes for men are versatile in fashion is a variety of occasions such as daily, work, gym and hiking. The sole of sneakers men pattern with grooves enhances the anti-slip and grip ability of this men\'s sneaker. The men\'s trainers\' one-piece leather design allows for a breathable upper, while the rubber material sole provides cushioning and support for every step.'),(6, 10, 164, 'https://shopping-project.s3.ca-central-1.amazonaws.com/images/31.jpeg', 'Men\'s Wide Width Shoes with Adjustable Closure Lightweight for Diabetic Edema Plantar Fasciitis Bunions Arthritis Swollen Feet-SK2', 'CBMTCR', 62.90, 300, 'Canada', '', 'Our product features wide width with double depth, easy to put on and off, lightweight and breathable material providing superior support and comfortable fit for anyone who is in search of a comfortable and quality wide width walking shoes suitable for all-day wear.'),(6, 10, 165, 'https://shopping-project.s3.ca-central-1.amazonaws.com/images/32.jpeg', 'VONMAY Women\'s Slippers Cozy Slip-on Indoor Outdoor House Shoes', 'Vonmay', 14.99, 200, 'Canada', '', 'A Warm Embrace For Your Feet - These indoor/outdoor slippers for women melt your worries away the moment you slip into them. With furry lining and collar, a stylish soft knit, and memory foam insoles, winter and fall get cozier and comfier with every step.'),(6, 10, 166, 'https://shopping-project.s3.ca-central-1.amazonaws.com/images/33.jpeg', 'FAMITION Wedge Sandals for Women Comfortable Closed Toe Sandals Casual Summer Ankle Strap Platform Heel Sandals Dressy Shoes Blue Size 8', 'SHIBEVER', 20.99, 320, 'Canada', '', 'FAMITION Wedge Sandals for Women Dressy Casual Sandals Vintage Gladiator Closed Toe Sandal Womens Comfortable Ankle Strap Platform Wedge Sandals Wide Width Hollow Out Heel Summer Sandals for Women 2024 Trendy'),(6, 13, 167, 'https://shopping-project.s3.ca-central-1.amazonaws.com/images/39.jpeg', 'Cat Steel Toy Dump Truck - 17\" free wheeling Dump Truck made with real steel', 'Caterpillar', 29.97, 80, 'Canada', '17\"', 'The Caterpillar Mighty Steel Toy Dump Truck is designed for the most demanding of jobs! Built with sturdy steel construction and large wheels the Caterpillar Dump Truck it preforms just like the real thing. You\'re in control of the action, fill the steel dump bed, drive it to its destination, and use the real working dump bed to unload it! Cat Steel Construction Toys are known for their high quality and feature a lifetime guarantee so you can be comfortable knowing this product is built to last. Appropriate for ages 3 years and up.'),(6, 13, 168, 'https://shopping-project.s3.ca-central-1.amazonaws.com/images/40.jpeg', 'Melissa & Doug Burrow Bunny Rabbit Stuffed Animal (9 inches)', 'Melissa & Doug', 12.97, 100, 'Canada', '9 inches', 'Pretty Bramble Bunny looks poised to hop right into your heart! A soft gray coat is accented by tall ears and an extra-soft cotton tail in brilliant white.'),(6, 13, 169, 'https://shopping-project.s3.ca-central-1.amazonaws.com/images/41.jpeg', 'LEGO Minecraft The Swamp Adventure Set, Creative Toy with Crafting Table, Mangrove Tree and Alex Figure, Great Gift for Kids, 21240', 'LEGO', 9.89, 140, 'U.S.', '', 'Treat Minecraft players Ages 7 and over to a swamp full of hands-on, action-packed, creative play with LEGO Minecraft The Swamp Adventure (21240) building toy. Kids join Alex from the Minecraft game as she journeys through the swamp biome.'),(6, 14, 170, 'https://shopping-project.s3.ca-central-1.amazonaws.com/images/42.jpeg', 'Safety 1st Grow and Go Sprint All-in-One Convertible Car Seat, Black Beauty II', 'Safety 1st', 129.00, 400, 'U.S.', '', 'The Grow and Go Sprint All-in-One Convertible Car Seat has multiple comfort adjustment options to fit kids from birth to 10 years in three modes of use: rear-facing (5–40 lbs., 19\"–40\"), forward-facing (22–65 lbs., 29\"–49\"), and belt-positioning booster (40–100 lbs., 43\"–52\"). As your little one grows, the QuickFit™ harness lets you adjust the headrest and harness with one hand, in one quick motion. No re-threading. No re-installing.'),(6, 14, 171, 'https://shopping-project.s3.ca-central-1.amazonaws.com/images/43.jpeg', 'Pampers Swaddlers Diapers, Size 4, 66 Count (Select for More Options)', 'Pampers', 28.22, 500, 'Canada', 'Size 4, 66 Count', 'Fear no leaks with new and improved Pampers Swaddlers. Now featuring a Blowout Barrier at the back waist to help prevent up to 100% of leaks, even blowouts. Plus, Dual Leak-Guard Barriers at the legs help protect where leaks happen most. With Swaddlers, you can rest assured that you have superior leak protection* while keeping baby\'s skin healthy. Pampers Breathe-Free Liner wicks away wetness, allowing baby\'s skin to breathe, while the Lock-Away Channels help keep baby\'s skin dry and healthy. Pampers Swaddlers are dermatologist approved by the Skin Health Alliance, hypoallergenic, and free of parabens and latex. Pampers Swaddlers are available in sizes N-8 and now feature designs with our newest animal characters, Shiloh the Elephant and Freddy the Duck! For trusted protection, trust Pampers, the #1 pediatrician recommended brand.'),(6, 14, 172, 'https://shopping-project.s3.ca-central-1.amazonaws.com/images/44.jpeg', 'Similac Advance* Powder Baby Formula with Iron, DHA, Lutein, 30.8-oz Value Can', 'Similac', 35.98, 400, 'U.S.', '30.8-oz ', 'Similac Advance*is a nutritionally complete, milk-based, iron-fortified infant formula for baby’s first year. Ithas our exclusive blend of ingredients to support baby’s brain and eye development. Similac is the #1 infantformula brand fed in hospitals.* Not for infants or children with galactosemia.† No significant difference has been shown between milk derived from rbST-treated and non-rbST-treatedcows'),(6, 15, 173, 'https://shopping-project.s3.ca-central-1.amazonaws.com/images/45.jpeg', 'Nu Finish The Once A Year Car Polish - 16 OZ', 'Nu Finish', 8.47, 150, 'Canada', '16 OZ', 'Nu Finish The Once A Year Car Polish is an ideal addition to your collection of car care products. This liquid auto polish is the #1 Best Selling Car Polish* (*NPD 2016- April 2020) for 4 years, and counting. Unlike conventional carnauba car waxes that break down quickly in everyday conditions, Nu Finish liquid car polish is made up of a series of zinc cross-linking polymer emulsions that help it last longer than any other polish on the market and let you apply it anywhere, even in direct sunlight. Following an auto wash, thoroughly dry the vehicle\'s surface, and apply Nu Finish car polish sparingly. Let the polish dry to a haze, then wipe off using a clean, dry cloth. No rubbing or buffing needed. Depend on Nu Finish, the only car polish tough enough to be called “The Once A Year Car Polish.”'),(6, 15, 174, 'https://shopping-project.s3.ca-central-1.amazonaws.com/images/46.jpeg', 'Platinum Series Complete Microfiber Car Wash Kit, 7 Piece', 'Platinum Series', 13.00, 200, 'Canada', '', 'Platinum Series Complete Car Wash Kit, 7 Piece includes all you need to wash, dry and detail your vehicle. The Dip & Wash mop tool collapses down for easy storage and when extended, reaches all areas high and low while still maintaining its strength and durability. Super absorbent microfiber chenille safely tackles the removal of dirt and grime and may be removed to wash and reuse many times. The wheel brush cleans hard-to-reach areas around tires and rims. When finished washing your vehicle, grab the extra absorbent drying towel to quickly soak up water without leaving lint behind.'),(6, 15, 175, 'https://shopping-project.s3.ca-central-1.amazonaws.com/images/47.jpeg', 'AVAPOW W68 6000A Car Battery Jump Starter(for All Gas or up to 12L Diesel) , Yellow', 'AVAPOW', 92.99, 180, 'U.S.', '', 'The AVAPOW W68 Car Jump Starter packs an impressive 6000A peak current and a 32000mAh high-capacity battery, ideal for starting gas and diesel engines. It works with all 12-volt vehicles, from cars to boats, RVs, and more.With its ultra-light, portable design and smart jumper clip with eight-fold security protection, safety and convenience are paramount. The built-in indicator light prevents accidents caused by wrong operation.But that\'s not all! It\'s also a powerful car power pack, boasting two USB ports, including quick-charging, for your electronic devices during emergencies or outdoor activities.Jump Box features three LED modes - Illuminated, Flashing and SOS - combining safety, portability and versatility into one comprehensive and professional vehicle starting solution.Upgrade now and never be stranded again!'),(6, 16, 176, 'https://shopping-project.s3.ca-central-1.amazonaws.com/images/48.jpeg', 'Claritin 24 Hour Non-Drowsy Allergy Medicine, Loratadine Antihistamine Tablets, 10 Ct', 'Claritin', 11.52, 600, 'U.S.', '10 Ct', 'Claritin tablets provide powerful, 24-hour, non-drowsy relief of your worst indoor and outdoor allergy symptoms, including sneezing, runny nose, itchy/watery eyes and itchy throat/nose. Claritin provides relief of symptoms that can be triggered by over 200 different allergens. Claritin is an antihistamine, so it hinders the cascade triggered by allergens. For adults and children ages 6+. One tablet contains 10 mg of loratadine.'),(6, 16, 177, 'https://shopping-project.s3.ca-central-1.amazonaws.com/images/49.jpeg', 'Motrin Dual Action with Tylenol, Ibuprofen & Acetaminophen, 20 Ct', 'Motrin', 5.97, 550, 'Canada', '20 Ct', 'Motrin Dual Action with Tylenol, 2-in-1 pain reliever tablets with the two medicines Ibuprofen and Acetaminophen for relief from minor aches and pains. The pain relief tablets temporarily relieves minor aches and pains due to headache, toothache, backache, menstrual pains, menstrual cramps, muscle aches, and minor pain of arthritis. The dual action over the counter oral pain reliever combines two medicines for fast, effective relief. Each tablet contains 250 mg acetaminophen plus 125 mg NSAID ibuprofen (nonsteroidal anti-inflammatory drug). Adults and children 12 years of age and older should take two Motrin Dual Action with Tylenol tablets every eight hours while symptoms persist. Motrin Dual Action with Tylenol contains acetaminophen. Severe liver damage may occur if you take with other drugs containing acetaminophen.'),(6, 16, 178, 'https://shopping-project.s3.ca-central-1.amazonaws.com/images/50.jpeg', 'Vicks ZzzQuil Sleep Support LiquidCaps, 50mg Diphenhydramine HCI, over-the-Counter Medicine, 24 Ct', 'Vicks', 8.88, 300, 'Canada', '24 Ct', 'When you\'re having trouble getting that sound sleep your body craves, add some Zzzs to your night with ZzzQuil. ZzzQuil liquid capsules work to help you fall asleep fast - in as little as 20 minutes - so you can get the sleep when you need it and wake refreshed. All ZzzQuil over-the-counter medicine products are non-habit forming and specifically formulated with clinically proven ingredients by our team of dedicated scientists. They contain a non-habit-forming ingredient, Diphenhydramine HCI, which causes drowsiness by blocking the action of histamine, a chemical that sends waking signals to the brain. Each dose (2 LiquiCaps) contains 50mg.'),(6, 16, 179, 'https://shopping-project.s3.ca-central-1.amazonaws.com/images/51.jpeg', 'Zarbee\'s Baby Immune Support with Zinc, Age 6 months+, Grape, 2oz', 'Zarbee\'s', 8.48, 400, 'U.S.', '2oz', 'Zarbees Baby Immune Support with Zinc supports baby\'s developing immune system*. Made with Zinc for immune support* and organic agave, a natural nectar that is safe for infants and toddlers 6 months and up. Give 2 ml for babies age 6-11 months and 3 ml for babies and toddlers 1-3 years for year-round immune support*. The measured syringe makes dosing easy and accurate.Yummy Natural Grape FlavorYour little one will love the delicious natural grape flavor. You can feel good that Zarbees Baby Immune Support syrup is made from carefully selected ingredients inspired by nature and backed by science. Our kids immune support is free of drugs, alcohol, artificial sweeteners, high fructose corn syrup, & gluten. From Zarbee’s, founded by pediatrician and father, Dr. Zak Zarbock, and the #1 Pediatrician Recommended Immune Support Brand for Children.*These statements have not been evaluated by the Food and Drug Administration. This product is not intended to diagnose, treat, cure or prevent any disease.'),(6, 17, 180, 'https://shopping-project.s3.ca-central-1.amazonaws.com/images/52.jpeg', 'One A Day Women\'s Gummy Multivitamin, Multivitamins for Women, 80 Ct', 'One A Day', 10.48, 300, 'Canada', '80 Ct', 'Support your health with One A Day Women\'s VitaCraves multivitamin supplement with Folic Acid, Vitamins B6 and B12 to support heart health'),(6, 17, 181, 'https://shopping-project.s3.ca-central-1.amazonaws.com/images/53.jpeg', 'Spring Valley Vitamin D3 Softgels, 5000 IU, 100 Count', 'Spring Valley', 6.24, 350, 'U.S.', '5000 IU, 100 Count', 'Welcome the Vitamin D you need every day with the Spring Valley Vitamin D3 5,000 IU Softgels Vitamin Supplement. D3 is a potent and active form of Vitamin D, which is essential for calcium absorption, bone health, immune health and healthy teeth.* The human body can produce Vitamin D3 naturally, when the skin is directly exposed to sunlight. Even though the sun can be a great source of the D3 Vitamin, for various reasons, it may be difficult for people to get an adequate amount from the sun alone. Spring Valley Vitamin D3 softgels are an easy and reliable way to help fulfill your daily needs.* These Vitamin D supplements are gluten free, dairy free and non-GMO. Spring Valley D3 Vitamins contain no artificial colors or flavors.'),(6, 17, 182, 'https://shopping-project.s3.ca-central-1.amazonaws.com/images/54.jpeg', 'Spring Valley Vitamin C with Rose Hips Supplement, 500 mg, 100 Tablets', 'Spring Valley', 5.12, 400, 'U.S.', '500 mg, 100 Tablets', 'Vitamin C is a potent antioxidant and an essential nutrient that supports immune, cardiovascular, and bone health.'),(6, 18, 183, 'https://shopping-project.s3.ca-central-1.amazonaws.com/images/55.jpeg', 'Aveeno Skin Relief Moisturizing Body Wash, Soap Free for Sensitive Skin, Fragrance Free Shower Gel, 33 oz', 'Aveeno', 13.48, 740, 'Canada', '33 oz', 'Gently cleanse while leaving itchy, dry skin feeling moisturized with Aveeno Skin Relief Fragrance-Free Body Wash. This sulfate free body wash is made with a soothing Triple Oat formula and formulated for sensitive skin. Aveeno Skin Relief Body Wash gently, but effectively cleanses while leaving itchy, dry skin feeling soothed and feeling moisturized. 91% of users agreed the skin relief body wash gently cleansed their skin without drying it out. From the dermatologist-recommended brand for over 70 years, this body wash is allergy-tested, free of fragrances, sulfates, parabens, dyes, and soaps, and is suitable for daily use. To use, squeeze body wash onto a wet pouf, washcloth, or hands. Work into a rich, creamy lather, then rinse. Use the creamy body wash as a rich shave gel for silky, smooth legs. Follow with Aveeno Skin Relief Moisturizing Lotion to lock in moisture for 24 hours as a part of your daily skincare routine.'),(6, 18, 184, 'https://shopping-project.s3.ca-central-1.amazonaws.com/images/55-1.jpeg', 'Suave Essentials Gentle Body Wash, Sweet Vanilla, 18 oz', 'Suave', 3.12, 450, 'Canada', '18 oz', 'Allow us to reintroduce ourselves! Suave Essentials Body Washes are now new and improved! New look, new sizes, and even more benefits. Fresh, Floral, Fruit, Sweet, oh my! With our new fragrance families, finding your go-to scent is as easy as pie. Your new guilty pleasure is here with the Sweet Vanilla Silk Body Wash. Invoke a rich, sensual experience with sweet notes of vanilla cream, bright sparkling rose, and nourishing jojoba oil of our gentle body soap. The delightful, long-lasting blend of oil essence will leave your skin feeling instantly hydrated and silky smooth throughout the day. Now rich with 10X the moisturizers than before, and infused with Vitamin E and vanilla extracts, you\'ll pamper your skin with every use. Gentle and perfect for everyday cleansing, our Body Wash contains absolutely no parabens or phthalates in its formulation.'),(6, 18, 185, 'https://shopping-project.s3.ca-central-1.amazonaws.com/images/56.jpeg', 'Dove Hair Love Moisturizing Kids Daily Shampoo with Shea Butter and Coconut Oil, 17.5 fl oz', 'Dove', 6.98, 300, 'Canada', '17.5 fl oz', 'Dove Hair Love Moisturizing Kids Daily Shampoo with Shea Butter and Coconut Oil, kids textured hair deserves expert care, that\'s why Dove Kids Hair Care Moisturizing Shampoo, featuring Zuri from the award-winning animated film \"Hair Love,\" is specially designed for children to enhance the natural beauty of curls, coils, and waves. Our kids shampoo is infused with shea butter and coconut oil to nourish coils, curls, and waves, for soft, moisturized, and healthy-feeling hair. Bringing out the best in your kids hair texture has never been easier. Our moisturizing hair shampoo is made with a fun coconut cookie scent and a gentle formula. Our shampoo and conditioner range is made with shea butter and coconut oil, so your kids can embrace their natural and unique texture and give their hair an extra dose of care with every wash.');
UNLOCK TABLES;
COMMIT;
BEGIN;
LOCK TABLES `shopping`.`searchsuggestions` WRITE;
DELETE FROM `shopping`.`searchsuggestions`;
INSERT INTO `shopping`.`searchsuggestions` (`store_id`,`suggestion_id`,`keyword`) VALUES (4, 1, 'Muffin'),(4, 2, 'Pasta'),(4, 3, 'Shirts'),(4, 4, 'Shoes'),(4, 5, 'Vitamin'),(4, 6, 'Toy'),(5, 1, 'Muffin'),(5, 2, 'Pasta'),(5, 3, 'Shirts'),(5, 4, 'Shoes'),(5, 5, 'Vitamin'),(5, 6, 'Toy'),(6, 1, 'Muffin'),(6, 2, 'Pasta'),(6, 3, 'Shirts'),(6, 4, 'Shoes'),(6, 5, 'Vitamin'),(6, 6, 'Toy');
UNLOCK TABLES;
COMMIT;
BEGIN;
LOCK TABLES `shopping`.`storenothavecats` WRITE;
DELETE FROM `shopping`.`storenothavecats`;
INSERT INTO `shopping`.`storenothavecats` (`store_id`,`cat_id`) VALUES (5, 11),(6, 11),(5, 12),(6, 12),(5, 19),(6, 19),(5, 20),(6, 20),(5, 21),(6, 21),(5, 22),(6, 22),(5, 23),(6, 23);
UNLOCK TABLES;
COMMIT;
BEGIN;
LOCK TABLES `shopping`.`stores` WRITE;
DELETE FROM `shopping`.`stores`;
INSERT INTO `shopping`.`stores` (`store_id`,`store_name`,`contact_phone`,`address`,`latitude`,`longitude`) VALUES (4, 'Vancouver', '13408867453', '510 W 8th Ave, Vancouver, BC V5Z 1C5, Canada', 49.26463029011536, -123.1153015258283),(5, 'Richmond', '13408867459', '9251 Alderbridge Way, Richmond, BC V6X 0N1, Canada', 49.185378081843474, -123.12100209790354),(6, 'Burnaby', '13408867420', '4545 Central Blvd, Burnaby, BC V5H 4J5, Canada', 49.22584459950715, -122.99964594826031);
UNLOCK TABLES;
COMMIT;
BEGIN;
LOCK TABLES `shopping`.`useraddresses` WRITE;
DELETE FROM `shopping`.`useraddresses`;
INSERT INTO `shopping`.`useraddresses` (`uid`,`address_id`,`contact_name`,`contact_phone`,`address`,`is_default`) VALUES (1, '1706850352870', 'xiaohuang', '11111111', 'Shenzhen', 0),(1, '1706850369048', 'xiaoqiang', '18518302750', 'Guangzhou', 1),(1, '1706850382411', 'xiaogang', '2222222', 'Beijing', 0),(4, '1706846860890', 'xiaogang', '344788', 'Guangzhou', 1);
UNLOCK TABLES;
COMMIT;
BEGIN;
LOCK TABLES `shopping`.`users` WRITE;
DELETE FROM `shopping`.`users`;
INSERT INTO `shopping`.`users` (`uid`,`username`,`password`,`phone`) VALUES (1, 'zhangsan', '524ab85686df0e52ada43b11b53cce35', '18518302750'),(2, 'lisi', '524ab85686df0e52ada43b11b53cce35', '1267435643'),(3, 'xiaoming', '524ab85686df0e52ada43b11b53cce35', '18524290703'),(4, 'xiaoqiang', '524ab85686df0e52ada43b11b53cce35', '11111111'),(8, 'Sarah', '524ab85686df0e52ada43b11b53cce35', '33333333'),(9, 'zfc12', '8bb29488cb50b294e9c3abc97b0b4fd8', '18819302850');
UNLOCK TABLES;
COMMIT;
BEGIN;
LOCK TABLES `shopping`.`whatsnews` WRITE;
DELETE FROM `shopping`.`whatsnews`;
INSERT INTO `shopping`.`whatsnews` (`store_id`,`cat_id`,`product_id`) VALUES (5, 1, 80),(5, 1, 83),(5, 1, 84),(6, 1, 134),(6, 1, 136),(4, 2, 1),(4, 2, 3),(4, 2, 4),(5, 3, 85),(6, 3, 139),(6, 3, 140),(4, 4, 14),(5, 4, 88),(5, 4, 89),(6, 4, 143),(6, 4, 144);
UNLOCK TABLES;
COMMIT;
